#
# There is insufficient memory for the Java Runtime Environment to continue.
# Native memory allocation (mmap) failed to map 65536 bytes. Error detail: Failed to commit metaspace.
# Possible reasons:
#   The system is out of physical RAM or swap space
#   This process is running with CompressedOops enabled, and the Java Heap may be blocking the growth of the native heap
# Possible solutions:
#   Reduce memory load on the system
#   Increase physical memory or swap space
#   Check if swap backing store is full
#   Decrease Java heap size (-Xmx/-Xms)
#   Decrease number of Java threads
#   Decrease Java thread stack sizes (-Xss)
#   Set larger code cache with -XX:ReservedCodeCacheSize=
#   JVM is running with Unscaled Compressed Oops mode in which the Java heap is
#     placed in the first 4GB address space. The Java Heap base address is the
#     maximum limit for the native heap growth. Please use -XX:HeapBaseMinAddress
#     to set the Java Heap base and to place the Java Heap above 4GB virtual address.
# This output file may be truncated or incomplete.
#
#  Out of Memory Error (virtualSpaceNode.cpp:113), pid=25028, tid=16076
#
# JRE version: OpenJDK Runtime Environment Temurin-21.0.12.1+1 (21.0.12.1+1) (build 21.0.12.1+1-LTS)
# Java VM: OpenJDK 64-Bit Server VM Temurin-21.0.12.1+1 (21.0.12.1+1-LTS, mixed mode, sharing, tiered, compressed oops, compressed class ptrs, g1 gc, windows-amd64)
# No core dump will be written. Minidumps are not enabled by default on client versions of Windows
#

---------------  S U M M A R Y ------------

Command Line: --add-opens=java.base/java.lang=ALL-UNNAMED --add-opens=java.base/java.lang.invoke=ALL-UNNAMED --add-opens=java.base/java.util=ALL-UNNAMED --add-opens=java.prefs/java.util.prefs=ALL-UNNAMED --add-exports=jdk.compiler/com.sun.tools.javac.api=ALL-UNNAMED --add-exports=jdk.compiler/com.sun.tools.javac.util=ALL-UNNAMED --add-opens=java.base/java.nio.charset=ALL-UNNAMED --add-opens=java.base/java.net=ALL-UNNAMED --add-opens=java.base/java.util.concurrent=ALL-UNNAMED --add-opens=java.base/java.util.concurrent.atomic=ALL-UNNAMED --add-opens=java.xml/javax.xml.namespace=ALL-UNNAMED --add-opens=java.base/java.time=ALL-UNNAMED -XX:MaxMetaspaceSize=384m -XX:+HeapDumpOnOutOfMemoryError -Xms256m -Xmx512m -Dfile.encoding=UTF-8 -Duser.country=KR -Duser.language=ko -Duser.variant -javaagent:C:\Users\ericj\.gradle\wrapper\dists\gradle-9.5.1-bin\iq79hdu3mqx29lgffhp8bfmx\gradle-9.5.1\lib\agents\gradle-instrumentation-agent-9.5.1.jar org.gradle.launcher.daemon.bootstrap.GradleDaemon 9.5.1

Host: Intel(R) Core(TM) i5-8250U CPU @ 1.60GHz, 8 cores, 7G,  Windows 11 , 64 bit Build 22621 (10.0.22621.5415)
Time: Mon Sep  7 09:33:34 2026 elapsed time: 76.236999 seconds (0d 0h 1m 16s)

---------------  T H R E A D  ---------------

Current thread (0x00000263258347d0):  JavaThread "Daemon worker"        [_thread_in_vm, id=16076, stack(0x00000063a8100000,0x00000063a8200000) (1024K)]

Stack: [0x00000063a8100000,0x00000063a8200000]
Native frames: (J=compiled Java code, j=interpreted, Vv=VM code, C=native code)
V  [jvm.dll+0x6d83e9]
V  [jvm.dll+0x8b5736]
V  [jvm.dll+0x8b7cee]
V  [jvm.dll+0x8b83d3]
V  [jvm.dll+0x284596]
V  [jvm.dll+0x8b147e]
V  [jvm.dll+0x679ad4]
V  [jvm.dll+0x1e849b]
V  [jvm.dll+0x1e825e]
V  [jvm.dll+0x67c3d2]
V  [jvm.dll+0x67c202]
V  [jvm.dll+0x67a4ae]
V  [jvm.dll+0x21ad99]
V  [jvm.dll+0x20f827]
V  [jvm.dll+0x5b6a7f]
V  [jvm.dll+0x82f606]
V  [jvm.dll+0x4792f8]
V  [jvm.dll+0x47f128]
C  [java.dll+0x17ec]

Java frames: (J=compiled Java code, j=interpreted, Vv=VM code)
J 733  java.lang.ClassLoader.defineClass1(Ljava/lang/ClassLoader;Ljava/lang/String;[BIILjava/security/ProtectionDomain;Ljava/lang/String;)Ljava/lang/Class; java.base@21.0.12.1 (0 bytes) @ 0x000002631ab55511 [0x000002631ab55440+0x00000000000000d1]
J 1138 c1 java.lang.ClassLoader.defineClass(Ljava/lang/String;[BIILjava/security/ProtectionDomain;)Ljava/lang/Class; java.base@21.0.12.1 (43 bytes) @ 0x0000026313222574 [0x0000026313222220+0x0000000000000354]
J 993 c1 java.security.SecureClassLoader.defineClass(Ljava/lang/String;[BIILjava/security/CodeSource;)Ljava/lang/Class; java.base@21.0.12.1 (16 bytes) @ 0x00000263131eb19c [0x00000263131eb0c0+0x00000000000000dc]
J 946 c1 java.net.URLClassLoader.defineClass(Ljava/lang/String;Ljdk/internal/loader/Resource;)Ljava/lang/Class; java.base@21.0.12.1 (224 bytes) @ 0x00000263131ca954 [0x00000263131c9200+0x0000000000001754]
J 818 c1 java.net.URLClassLoader$1.run()Ljava/lang/Class; java.base@21.0.12.1 (81 bytes) @ 0x00000263131920ec [0x00000263131914c0+0x0000000000000c2c]
J 817 c1 java.net.URLClassLoader$1.run()Ljava/lang/Object; java.base@21.0.12.1 (5 bytes) @ 0x0000026313190f54 [0x0000026313190ec0+0x0000000000000094]
J 650 c1 java.security.AccessController.doPrivileged(Ljava/security/PrivilegedExceptionAction;Ljava/security/AccessControlContext;)Ljava/lang/Object; java.base@21.0.12.1 (26 bytes) @ 0x000002631313300c [0x0000026313132e20+0x00000000000001ec]
J 779 c1 java.net.URLClassLoader.findClass(Ljava/lang/String;)Ljava/lang/Class; java.base@21.0.12.1 (47 bytes) @ 0x000002631318254c [0x00000263131823a0+0x00000000000001ac]
J 729 c1 java.lang.ClassLoader.loadClass(Ljava/lang/String;Z)Ljava/lang/Class; java.base@21.0.12.1 (121 bytes) @ 0x00000263131620a4 [0x0000026313161ae0+0x00000000000005c4]
J 745 c1 java.lang.ClassLoader.loadClass(Ljava/lang/String;)Ljava/lang/Class; java.base@21.0.12.1 (7 bytes) @ 0x0000026313165554 [0x0000026313165440+0x0000000000000114]
v  ~StubRoutines::call_stub 0x000002631a57100d
j  org.objectweb.asm.ClassWriter.visitMethod(ILjava/lang/String;Ljava/lang/String;Ljava/lang/String;[Ljava/lang/String;)Lorg/objectweb/asm/MethodVisitor;+0
j  org.objectweb.asm.ClassVisitor.visitMethod(ILjava/lang/String;Ljava/lang/String;Ljava/lang/String;[Ljava/lang/String;)Lorg/objectweb/asm/MethodVisitor;+18
j  org.gradle.model.internal.asm.ClassVisitorScope.addMethod(ILjava/lang/String;Ljava/lang/String;Ljava/lang/String;Lorg/gradle/model/internal/asm/BytecodeFragment;)V+7
j  org.gradle.model.internal.asm.ClassVisitorScope.privateSyntheticMethod(Ljava/lang/String;Ljava/lang/String;Lorg/gradle/model/internal/asm/BytecodeFragment;)V+8
j  org.gradle.internal.instantiation.generator.AsmBackedClassGenerator$ClassBuilderImpl.generateInitMethod()V+13
j  org.gradle.internal.instantiation.generator.AsmBackedClassGenerator$ClassBuilderImpl.startClass()V+217
j  org.gradle.internal.instantiation.generator.AsmBackedClassGenerator$ClassInspectionVisitorImpl.builder()Lorg/gradle/internal/instantiation/generator/AbstractClassGenerator$ClassGenerationVisitor;+242
j  org.gradle.internal.instantiation.generator.AbstractClassGenerator.generateUnderLock(Ljava/lang/Class;)Lorg/gradle/internal/instantiation/generator/AbstractClassGenerator$GeneratedClassImpl;+409
j  org.gradle.internal.instantiation.generator.AbstractClassGenerator$$Lambda+0x000002632722d740.apply(Ljava/lang/Object;)Ljava/lang/Object;+8
j  org.gradle.cache.internal.DefaultCrossBuildInMemoryCacheFactory$AbstractCrossBuildInMemoryCache.produce(Ljava/util/function/Function;Ljava/lang/Object;)Ljava/lang/Object;+2
j  org.gradle.cache.internal.DefaultCrossBuildInMemoryCacheFactory$AbstractCrossBuildInMemoryCache.produceAndRetain(Ljava/util/function/Function;Ljava/lang/Object;)Ljava/lang/Object;+3
j  org.gradle.cache.internal.DefaultCrossBuildInMemoryCacheFactory$AbstractCrossBuildInMemoryCache.lambda$get$1(Ljava/util/function/Function;Ljava/lang/Object;)Ljava/lang/Object;+3
j  org.gradle.cache.internal.DefaultCrossBuildInMemoryCacheFactory$AbstractCrossBuildInMemoryCache$$Lambda+0x000002632722ccb0.get()Ljava/lang/Object;+12
j  org.gradle.internal.lazy.LockingLazy.get()Ljava/lang/Object;+22
j  org.gradle.cache.internal.DefaultCrossBuildInMemoryCacheFactory$AbstractCrossBuildInMemoryCache.get(Ljava/lang/Object;Ljava/util/function/Function;)Ljava/lang/Object;+18
j  org.gradle.internal.instantiation.generator.AbstractClassGenerator.generate(Ljava/lang/Class;)Lorg/gradle/internal/instantiation/generator/ClassGenerator$GeneratedClass;+14
j  org.gradle.internal.instantiation.generator.AsmBackedClassGenerator.generate(Ljava/lang/Class;)Lorg/gradle/internal/instantiation/generator/ClassGenerator$GeneratedClass;+2
j  org.gradle.internal.instantiation.generator.Jsr330ConstructorSelector.lambda$forType$0(Ljava/lang/Class;)Lorg/gradle/internal/instantiation/generator/Jsr330ConstructorSelector$CachedConstructor;+9
j  org.gradle.internal.instantiation.generator.Jsr330ConstructorSelector$$Lambda+0x000002632722c840.get()Ljava/lang/Object;+8
j  org.gradle.cache.Cache.lambda$get$0(Ljava/util/function/Supplier;Ljava/lang/Object;)Ljava/lang/Object;+1
j  org.gradle.cache.Cache$$Lambda+0x000002632715b090.apply(Ljava/lang/Object;)Ljava/lang/Object;+5
j  org.gradle.cache.internal.DefaultCrossBuildInMemoryCacheFactory$AbstractCrossBuildInMemoryCache.produce(Ljava/util/function/Function;Ljava/lang/Object;)Ljava/lang/Object;+2
j  org.gradle.cache.internal.DefaultCrossBuildInMemoryCacheFactory$AbstractCrossBuildInMemoryCache.produceAndRetain(Ljava/util/function/Function;Ljava/lang/Object;)Ljava/lang/Object;+3
j  org.gradle.cache.internal.DefaultCrossBuildInMemoryCacheFactory$AbstractCrossBuildInMemoryCache.lambda$get$1(Ljava/util/function/Function;Ljava/lang/Object;)Ljava/lang/Object;+3
j  org.gradle.cache.internal.DefaultCrossBuildInMemoryCacheFactory$AbstractCrossBuildInMemoryCache$$Lambda+0x000002632722ccb0.get()Ljava/lang/Object;+12
j  org.gradle.internal.lazy.LockingLazy.get()Ljava/lang/Object;+22
j  org.gradle.cache.internal.DefaultCrossBuildInMemoryCacheFactory$AbstractCrossBuildInMemoryCache.get(Ljava/lang/Object;Ljava/util/function/Function;)Ljava/lang/Object;+18
j  org.gradle.cache.Cache.get(Ljava/lang/Object;Ljava/util/function/Supplier;)Ljava/lang/Object;+8
j  org.gradle.internal.instantiation.generator.Jsr330ConstructorSelector.forType(Ljava/lang/Class;)Lorg/gradle/internal/instantiation/generator/ClassGenerator$GeneratedConstructor;+12
j  org.gradle.internal.instantiation.generator.Jsr330ConstructorSelector.forParams(Ljava/lang/Class;[Ljava/lang/Object;)Lorg/gradle/internal/instantiation/generator/ClassGenerator$GeneratedConstructor;+2
j  org.gradle.internal.instantiation.generator.DependencyInjectingInstantiator.doCreate(Ljava/lang/Class;Lorg/gradle/api/Describable;[Ljava/lang/Object;)Ljava/lang/Object;+6
j  org.gradle.internal.instantiation.generator.DependencyInjectingInstantiator.newInstance(Ljava/lang/Class;[Ljava/lang/Object;)Ljava/lang/Object;+4
j  org.gradle.api.internal.model.DefaultObjectFactory.newInstance(Ljava/lang/Class;[Ljava/lang/Object;)Ljava/lang/Object;+6
j  org.gradle.internal.service.scopes.GradleUserHomeScopeServices.createCachesConfiguration(Lorg/gradle/api/model/ObjectFactory;)Lorg/gradle/api/internal/cache/CacheConfigurationsInternal;+7
j  java.lang.invoke.LambdaForm$DMH+0x000002632703a400.invokeVirtual(Ljava/lang/Object;Ljava/lang/Object;Ljava/lang/Object;)Ljava/lang/Object;+11 java.base@21.0.12.1
j  java.lang.invoke.LambdaForm$MH+0x000002632703b000.invoke(Ljava/lang/Object;Ljava/lang/Object;Ljava/lang/Object;)Ljava/lang/Object;+52 java.base@21.0.12.1
J 2168 c1 jdk.internal.reflect.DirectMethodHandleAccessor.invoke(Ljava/lang/Object;[Ljava/lang/Object;)Ljava/lang/Object; java.base@21.0.12.1 (92 bytes) @ 0x0000026313441cbc [0x00000263134400c0+0x0000000000001bfc]
J 2167 c1 java.lang.reflect.Method.invoke(Ljava/lang/Object;[Ljava/lang/Object;)Ljava/lang/Object; java.base@21.0.12.1 (108 bytes) @ 0x000002631343f854 [0x000002631343f340+0x0000000000000514]
j  org.gradle.internal.reflect.JavaMethod.invoke(Ljava/lang/Object;[Ljava/lang/Object;)Ljava/lang/Object;+6
j  org.gradle.internal.service.ReflectionBasedServiceMethod.invoke(Ljava/lang/Object;[Ljava/lang/Object;)Ljava/lang/Object;+6
j  org.gradle.internal.service.DefaultServiceRegistry$FactoryMethodService.invokeMethod([Ljava/lang/Object;)Ljava/lang/Object;+28
j  org.gradle.internal.service.DefaultServiceRegistry$FactoryService.createServiceInstance()Ljava/lang/Object;+7
j  org.gradle.internal.service.DefaultServiceRegistry$FactoryMethodService.createServiceInstance()Ljava/lang/Object;+1
j  org.gradle.internal.service.DefaultServiceRegistry$ManagedObjectServiceProvider.getInstance()Ljava/lang/Object;+24
j  org.gradle.internal.service.DefaultServiceRegistry$SingletonService.get()Ljava/lang/Object;+1
j  org.gradle.internal.service.DefaultServiceRegistry.applyConfigureMethod(Lorg/gradle/internal/service/ServiceAccessToken;Lorg/gradle/internal/service/ServiceMethod;Ljava/lang/Object;)V+132
j  org.gradle.internal.service.DefaultServiceRegistry.findProviderMethods(Lorg/gradle/internal/service/ServiceRegistrationProvider;Lorg/gradle/internal/service/ServiceAccessToken;)V+215
j  org.gradle.internal.service.DefaultServiceRegistry.addProvider(Lorg/gradle/internal/service/ServiceRegistrationProvider;)Lorg/gradle/internal/service/DefaultServiceRegistry;+18
j  org.gradle.internal.service.DefaultServiceRegistry$1.addProvider(Lorg/gradle/internal/service/ServiceRegistrationProvider;)V+5
j  org.gradle.internal.service.scopes.GradleUserHomeScopeServices.configure(Lorg/gradle/internal/service/ServiceRegistration;)V+13
j  java.lang.invoke.DirectMethodHandle$Holder.invokeVirtual(Ljava/lang/Object;Ljava/lang/Object;Ljava/lang/Object;)V+11 java.base@21.0.12.1
j  java.lang.invoke.LambdaForm$MH+0x000002632703a000.invoke(Ljava/lang/Object;Ljava/lang/Object;)Ljava/lang/Object;+39 java.base@21.0.12.1
j  java.lang.invoke.LambdaForm$MH+0x0000026327039800.invoke(Ljava/lang/Object;Ljava/lang/Object;Ljava/lang/Object;)Ljava/lang/Object;+45 java.base@21.0.12.1
j  java.lang.invoke.Invokers$Holder.invokeExact_MT(Ljava/lang/Object;Ljava/lang/Object;Ljava/lang/Object;Ljava/lang/Object;)Ljava/lang/Object;+20 java.base@21.0.12.1
j  java.lang.invoke.MethodHandle.invokeWithArguments([Ljava/lang/Object;)Ljava/lang/Object;+28 java.base@21.0.12.1
j  org.gradle.internal.service.MethodHandleBasedServiceMethod.invoke(Ljava/lang/Object;[Ljava/lang/Object;)Ljava/lang/Object;+9
j  org.gradle.internal.service.DefaultServiceRegistry.applyConfigureMethod(Lorg/gradle/internal/service/ServiceAccessToken;Lorg/gradle/internal/service/ServiceMethod;Ljava/lang/Object;)V+148
j  org.gradle.internal.service.DefaultServiceRegistry.findProviderMethods(Lorg/gradle/internal/service/ServiceRegistrationProvider;Lorg/gradle/internal/service/ServiceAccessToken;)V+215
j  org.gradle.internal.service.DefaultServiceRegistry.addProvider(Lorg/gradle/internal/service/ServiceRegistrationProvider;)Lorg/gradle/internal/service/DefaultServiceRegistry;+18
j  org.gradle.internal.service.ServiceRegistryBuilder.build()Lorg/gradle/internal/service/CloseableServiceRegistry;+93
j  org.gradle.internal.service.scopes.DefaultGradleUserHomeScopeServiceRegistry.getServicesFor(Ljava/io/File;)Lorg/gradle/internal/service/ServiceRegistry;+152
j  org.gradle.internal.session.BuildSessionState.<init>(Lorg/gradle/internal/service/scopes/GradleUserHomeScopeServiceRegistry;Lorg/gradle/internal/session/CrossBuildSessionState;Lorg/gradle/api/internal/StartParameterInternal;Lorg/gradle/initialization/BuildRequestMetaData;Lorg/gradle/internal/classpath/ClassPath;Lorg/gradle/initialization/BuildCancellationToken;Lorg/gradle/initialization/BuildClientMetaData;Lorg/gradle/initialization/BuildEventConsumer;)V+15
j  org.gradle.internal.buildprocess.execution.BuildSessionLifecycleBuildActionExecutor.execute(Lorg/gradle/internal/invocation/BuildAction;Lorg/gradle/launcher/exec/BuildActionParameters;Lorg/gradle/initialization/BuildRequestContext;)Lorg/gradle/launcher/exec/BuildActionResult;+96
j  org.gradle.internal.buildprocess.execution.BuildSessionLifecycleBuildActionExecutor.execute(Lorg/gradle/internal/invocation/BuildAction;Ljava/lang/Object;Ljava/lang/Object;)Lorg/gradle/launcher/exec/BuildActionResult;+10
j  org.gradle.internal.buildprocess.execution.StartParamsValidatingActionExecutor.execute(Lorg/gradle/internal/invocation/BuildAction;Lorg/gradle/launcher/exec/BuildActionParameters;Lorg/gradle/initialization/BuildRequestContext;)Lorg/gradle/launcher/exec/BuildActionResult;+142
j  org.gradle.internal.buildprocess.execution.StartParamsValidatingActionExecutor.execute(Lorg/gradle/internal/invocation/BuildAction;Ljava/lang/Object;Ljava/lang/Object;)Lorg/gradle/launcher/exec/BuildActionResult;+10
j  org.gradle.internal.buildprocess.execution.SessionFailureReportingActionExecutor.execute(Lorg/gradle/internal/invocation/BuildAction;Lorg/gradle/launcher/exec/BuildActionParameters;Lorg/gradle/initialization/BuildRequestContext;)Lorg/gradle/launcher/exec/BuildActionResult;+7
j  org.gradle.internal.buildprocess.execution.SessionFailureReportingActionExecutor.execute(Lorg/gradle/internal/invocation/BuildAction;Ljava/lang/Object;Ljava/lang/Object;)Lorg/gradle/launcher/exec/BuildActionResult;+10
j  org.gradle.internal.buildprocess.execution.SetupLoggingActionExecutor.execute(Lorg/gradle/internal/invocation/BuildAction;Lorg/gradle/launcher/exec/BuildActionParameters;Lorg/gradle/initialization/BuildRequestContext;)Lorg/gradle/launcher/exec/BuildActionResult;+50
j  org.gradle.internal.buildprocess.execution.SetupLoggingActionExecutor.execute(Lorg/gradle/internal/invocation/BuildAction;Ljava/lang/Object;Ljava/lang/Object;)Lorg/gradle/launcher/exec/BuildActionResult;+10
j  org.gradle.launcher.daemon.server.exec.ExecuteBuild.doBuild(Lorg/gradle/launcher/daemon/server/api/DaemonCommandExecution;Lorg/gradle/launcher/daemon/protocol/Build;)V+147
j  org.gradle.launcher.daemon.server.exec.BuildCommandOnly.execute(Lorg/gradle/launcher/daemon/server/api/DaemonCommandExecution;)V+49
j  org.gradle.launcher.daemon.server.api.DaemonCommandExecution.proceed()Z+23
j  org.gradle.launcher.daemon.server.exec.WatchForDisconnection.execute(Lorg/gradle/launcher/daemon/server/api/DaemonCommandExecution;)V+19
j  org.gradle.launcher.daemon.server.api.DaemonCommandExecution.proceed()Z+23
j  org.gradle.launcher.daemon.server.exec.ResetDeprecationLogger.execute(Lorg/gradle/launcher/daemon/server/api/DaemonCommandExecution;)V+7
j  org.gradle.launcher.daemon.server.api.DaemonCommandExecution.proceed()Z+23
j  org.gradle.launcher.daemon.server.exec.RequestStopIfSingleUsedDaemon.execute(Lorg/gradle/launcher/daemon/server/api/DaemonCommandExecution;)V+33
j  org.gradle.launcher.daemon.server.api.DaemonCommandExecution.proceed()Z+23
j  org.gradle.launcher.daemon.server.exec.ForwardClientInput.lambda$execute$0(Lorg/gradle/launcher/daemon/server/api/DaemonCommandExecution;Lorg/gradle/internal/daemon/clientinput/StdinHandler;)Ljava/lang/Object;+11
j  org.gradle.launcher.daemon.server.exec.ForwardClientInput$$Lambda+0x000002632719aaa8.apply(Ljava/lang/Object;)Ljava/lang/Object;+8
j  org.gradle.internal.daemon.clientinput.ClientInputForwarder.forwardInput(Ljava/util/function/Function;)Ljava/lang/Object;+46
j  org.gradle.launcher.daemon.server.exec.ForwardClientInput.execute(Lorg/gradle/launcher/daemon/server/api/DaemonCommandExecution;)V+10
j  org.gradle.launcher.daemon.server.api.DaemonCommandExecution.proceed()Z+23
j  org.gradle.launcher.daemon.server.exec.LogAndCheckHealth.execute(Lorg/gradle/launcher/daemon/server/api/DaemonCommandExecution;)V+51
j  org.gradle.launcher.daemon.server.api.DaemonCommandExecution.proceed()Z+23
j  org.gradle.launcher.daemon.server.exec.LogToClient.doBuild(Lorg/gradle/launcher/daemon/server/api/DaemonCommandExecution;Lorg/gradle/launcher/daemon/protocol/Build;)V+87
j  org.gradle.launcher.daemon.server.exec.BuildCommandOnly.execute(Lorg/gradle/launcher/daemon/server/api/DaemonCommandExecution;)V+49
j  org.gradle.launcher.daemon.server.api.DaemonCommandExecution.proceed()Z+23
j  org.gradle.launcher.daemon.server.exec.EstablishBuildEnvironment.doBuild(Lorg/gradle/launcher/daemon/server/api/DaemonCommandExecution;Lorg/gradle/launcher/daemon/protocol/Build;)V+356
j  org.gradle.launcher.daemon.server.exec.BuildCommandOnly.execute(Lorg/gradle/launcher/daemon/server/api/DaemonCommandExecution;)V+49
j  org.gradle.launcher.daemon.server.api.DaemonCommandExecution.proceed()Z+23
j  org.gradle.launcher.daemon.server.exec.StartBuildOrRespondWithBusy$1.run()V+44
j  org.gradle.launcher.daemon.server.DaemonStateCoordinator.lambda$runCommand$0(Ljava/lang/Runnable;)V+1
j  org.gradle.launcher.daemon.server.DaemonStateCoordinator$$Lambda+0x0000026327199840.run()V+8
j  org.gradle.internal.concurrent.ExecutorPolicy$CatchAndRecordFailures.onExecute(Ljava/lang/Runnable;)V+1
j  org.gradle.internal.concurrent.AbstractManagedExecutor$1.run()V+25
j  java.util.concurrent.ThreadPoolExecutor.runWorker(Ljava/util/concurrent/ThreadPoolExecutor$Worker;)V+92 java.base@21.0.12.1
j  java.util.concurrent.ThreadPoolExecutor$Worker.run()V+5 java.base@21.0.12.1
j  java.lang.Thread.runWith(Ljava/lang/Object;Ljava/lang/Runnable;)V+5 java.base@21.0.12.1
j  java.lang.Thread.run()V+19 java.base@21.0.12.1
v  ~StubRoutines::call_stub 0x000002631a57100d

Compiled method (n/a) 76380  733     n 0       java.lang.ClassLoader::defineClass1 (native)
 total in heap  [0x000002631ab55290,0x000002631ab55828] = 1432
 relocation     [0x000002631ab553f0,0x000002631ab55428] = 56
 main code      [0x000002631ab55440,0x000002631ab55821] = 993
 stub code      [0x000002631ab55821,0x000002631ab55828] = 7

[Constant Pool (empty)]

[MachCode]
[Entry Point]
  # {method} {0x0000026326434c38} 'defineClass1' '(Ljava/lang/ClassLoader;Ljava/lang/String;[BIILjava/security/ProtectionDomain;Ljava/lang/String;)Ljava/lang/Class;' in 'java/lang/ClassLoader'
  # parm0:    rdx:rdx   = 'java/lang/ClassLoader'
  # parm1:    r8:r8     = 'java/lang/String'
  # parm2:    r9:r9     = '[B'
  # parm3:    rdi       = int
  # parm4:    rsi       = int
  # parm5:    rcx:rcx   = 'java/security/ProtectionDomain'
  # parm6:    [sp+0xa0]   = 'java/lang/String'  (sp of caller)
  0x000002631ab55440: 448b 5208 | 49bb 0000 | 0026 6302 | 0000 4d03 | d349 3bc2 | 0f84 0600 

  0x000002631ab55458: ;   {runtime_call ic_miss_stub}
  0x000002631ab55458: 0000 e921 | 93a6 ff90 
[Verified Entry Point]
  0x000002631ab55460: 8984 2400 | 80ff ff55 | 488b ec48 | 81ec 9000 | 0000 6690 | 4181 7f20 | 0100 0000 

  0x000002631ab5547c: ;   {runtime_call StubRoutines (final stubs)}
  0x000002631ab5547c: 7405 e81d | 10a5 ff48 | 837d 1000 | 488d 4510 | 480f 4445 | 1048 8944 | 2440 4889 | 4c24 7048 
  0x000002631ab5549c: 83f9 0048 | 8d44 2470 | 480f 4444 | 2470 4889 | 4424 3848 | 8974 2430 | 4889 7c24 | 284c 894c 
  0x000002631ab554bc: 2458 4983 | f900 488d | 4424 5848 | 0f44 4424 | 5848 8944 | 2420 4c89 | 4424 5049 | 83f8 004c 
  0x000002631ab554dc: 8d4c 2450 | 4c0f 444c | 2450 4889 | 5424 4848 | 83fa 004c | 8d44 2448 | 4c0f 4444 

  0x000002631ab554f8: ;   {oop(a 'java/lang/Class'{0x00000000e0a7a970} = 'java/lang/ClassLoader')}
  0x000002631ab554f8: 2448 49be | 70a9 a7e0 | 0000 0000 | 4c89 7424 | 784c 8d74 | 2478 498b | d6c5 f877 

  0x000002631ab55514: ;   {internal_word}
  0x000002631ab55514: 49ba 1155 | b51a 6302 | 0000 4d89 | 97a8 0300 | 0049 89a7 | a003 0000 

  0x000002631ab5552c: ;   {external_word}
  0x000002631ab5552c: 49ba 066d | 9ac6 fc7f | 0000 4180 | 3a00 0f84 | 4e00 0000 | 5241 5041 

  0x000002631ab55544: ;   {metadata({method} {0x0000026326434c38} 'defineClass1' '(Ljava/lang/ClassLoader;Ljava/lang/String;[BIILjava/security/ProtectionDomain;Ljava/lang/String;)Ljava/lang/Class;' in 'java/lang/ClassLoader')}
  0x000002631ab55544: 5148 ba30 | 4c43 2663 | 0200 0049 | 8bcf 4883 | ec20 40f6 | c40f 0f84 | 1900 0000 | 4883 ec08 
  0x000002631ab55564: ;   {runtime_call}
  0x000002631ab55564: 48b8 e0ea | 43c6 fc7f | 0000 ffd0 | 4883 c408 | e90c 0000 

  0x000002631ab55578: ;   {runtime_call}
  0x000002631ab55578: 0048 b8e0 | ea43 c6fc | 7f00 00ff | d048 83c4 | 2041 5941 | 585a 498d | 8fc0 0300 | 0041 c787 
  0x000002631ab55598: 4c04 0000 | 0400 0000 

  0x000002631ab555a0: ;   {runtime_call}
  0x000002631ab555a0: 48b8 ac16 | d92b fd7f | 0000 ffd0 | c5f8 7741 | c787 4c04 | 0000 0500 | 0000 f083 | 4424 c000 
  0x000002631ab555c0: 493b af50 | 0400 000f | 870e 0000 | 0041 83bf | 4804 0000 | 000f 842b | 0000 00c5 | f877 4889 
  0x000002631ab555e0: 45f8 498b | cf4c 8be4 | 4883 ec20 | 4883 e4f0 

  0x000002631ab555f0: ;   {runtime_call}
  0x000002631ab555f0: 48b8 0058 | 0fc6 fc7f | 0000 ffd0 | 498b e44d | 33e4 488b | 45f8 41c7 | 874c 0400 | 0008 0000 
  0x000002631ab55610: 0041 83bf | c804 0000 | 020f 84d5 

  0x000002631ab5561c: ;   {external_word}
  0x000002631ab5561c: 0100 0049 | ba06 6d9a | c6fc 7f00 | 0041 803a | 000f 844c | 0000 0048 

  0x000002631ab55634: ;   {metadata({method} {0x0000026326434c38} 'defineClass1' '(Ljava/lang/ClassLoader;Ljava/lang/String;[BIILjava/security/ProtectionDomain;Ljava/lang/String;)Ljava/lang/Class;' in 'java/lang/ClassLoader')}
  0x000002631ab55634: 8945 f848 | ba30 4c43 | 2663 0200 | 0049 8bcf | 4883 ec20 | 40f6 c40f | 0f84 1900 | 0000 4883 
  0x000002631ab55654: ;   {runtime_call}
  0x000002631ab55654: ec08 48b8 | e0ea 43c6 | fc7f 0000 | ffd0 4883 | c408 e90c 

  0x000002631ab55668: ;   {runtime_call}
  0x000002631ab55668: 0000 0048 | b8e0 ea43 | c6fc 7f00 | 00ff d048 | 83c4 2048 | 8b45 f849 | c787 a003 | 0000 0000 
  0x000002631ab55688: 0000 49c7 | 87a8 0300 | 0000 0000 | 00c5 f877 | 4885 c00f | 8430 0100 | 00a8 030f | 8508 0000 
  0x000002631ab556a8: 0048 8b00 | e920 0100 | 00a8 010f | 8509 0000 | 0048 8b40 | fee9 0f01 | 0000 488b | 40ff 4180 
  0x000002631ab556c8: 7f40 000f | 8400 0100 | 0048 83f8 | 000f 84f6 | 0000 0049 | 8b4f 2848 | 83f9 000f | 8414 0000 
  0x000002631ab556e8: 0048 83e9 | 0849 894f | 2849 034f | 3848 8901 | e9d4 0000 | 0048 83ec | 7048 8904 | 2448 894c 
  0x000002631ab55708: 2408 4889 | 5424 104c | 8944 2418 | 4c89 4c24 | 204c 8954 | 2428 4c89 | 5c24 30c5 | fb11 4424 
  0x000002631ab55728: 40c5 fb11 | 4c24 48c5 | fb11 5424 | 50c5 fb11 | 5c24 58c5 | fb11 6424 | 60c5 fb11 | 6c24 6849 
  0x000002631ab55748: 8bd7 488b | c848 83ec | 2040 f6c4 | 0f0f 8419 | 0000 0048 

  0x000002631ab5575c: ;   {runtime_call}
  0x000002631ab5575c: 83ec 0848 | b820 a402 | c6fc 7f00 | 00ff d048 | 83c4 08e9 | 0c00 0000 

  0x000002631ab55774: ;   {runtime_call}
  0x000002631ab55774: 48b8 20a4 | 02c6 fc7f | 0000 ffd0 | 4883 c420 | c5fb 106c | 2468 c5fb | 1064 2460 | c5fb 105c 
  0x000002631ab55794: 2458 c5fb | 1054 2450 | c5fb 104c | 2448 c5fb | 1044 2440 | 4c8b 5c24 | 304c 8b54 | 2428 4c8b 
  0x000002631ab557b4: 4c24 204c | 8b44 2418 | 488b 5424 | 1048 8b4c | 2408 488b | 0424 4883 | c470 c5f8 | 7749 8b8f 
  0x000002631ab557d4: 3004 0000 | c781 0001 | 0000 0000 | 0000 c949 | 837f 0800 | 0f85 0100 

  0x000002631ab557ec: ;   {runtime_call StubRoutines (initial stubs)}
  0x000002631ab557ec: 0000 c3e9 | 0cb7 a1ff | c5f8 7748 | 8945 f84c | 8be4 4883 | ec20 4883 

  0x000002631ab55804: ;   {runtime_call}
  0x000002631ab55804: e4f0 48b8 | 3022 44c6 | fc7f 0000 | ffd0 498b | e44d 33e4 | 488b 45f8 | e9fe fdff | fff4 f4f4 
  0x000002631ab55824: f4f4 f4f4 
[/MachCode]


Compiled method (c1) 76413 1138       3       java.lang.ClassLoader::defineClass (43 bytes)
 total in heap  [0x0000026313222010,0x0000026313222960] = 2384
 relocation     [0x0000026313222170,0x0000026313222210] = 160
 main code      [0x0000026313222220,0x00000263132226b8] = 1176
 stub code      [0x00000263132226b8,0x0000026313222730] = 120
 metadata       [0x0000026313222730,0x0000026313222760] = 48
 scopes data    [0x0000026313222760,0x0000026313222850] = 240
 scopes pcs     [0x0000026313222850,0x0000026313222930] = 224
 dependencies   [0x0000026313222930,0x0000026313222938] = 8
 nul chk table  [0x0000026313222938,0x0000026313222960] = 40

[Constant Pool (empty)]

[MachCode]
[Entry Point]
  # {method} {0x0000026326434fb8} 'defineClass' '(Ljava/lang/String;[BIILjava/security/ProtectionDomain;)Ljava/lang/Class;' in 'java/lang/ClassLoader'
  # this:     rdx:rdx   = 'java/lang/ClassLoader'
  # parm0:    r8:r8     = 'java/lang/String'
  # parm1:    r9:r9     = '[B'
  # parm2:    rdi       = int
  # parm3:    rsi       = int
  # parm4:    rcx:rcx   = 'java/security/ProtectionDomain'
  #           [sp+0xc0]  (sp of caller)
  0x0000026313222220: 448b 5208 | 49bb 0000 | 0026 6302 | 0000 4d03 | d34c 3bd0 

  0x0000026313222234: ;   {runtime_call ic_miss_stub}
  0x0000026313222234: 0f85 46c5 | 3907 660f | 1f44 0000 
[Verified Entry Point]
  0x0000026313222240: 8984 2400 | 80ff ff55 | 4881 ecb0 | 0000 0090 | 4181 7f20 | 0100 0000 

  0x0000026313222258: ;   {runtime_call StubRoutines (final stubs)}
  0x0000026313222258: 7405 e841 | 4238 0748 | 8954 2478 

  0x0000026313222264: ;   {metadata(method data for {method} {0x0000026326434fb8} 'defineClass' '(Ljava/lang/String;[BIILjava/security/ProtectionDomain;)Ljava/lang/Class;' in 'java/lang/ClassLoader')}
  0x0000026313222264: 48bb b0de | 183b 6302 | 0000 8b83 | cc00 0000 | 83c0 0289 | 83cc 0000 | 0025 fe07 | 0000 85c0 
  0x0000026313222284: 0f84 5003 | 0000 89b4 | 2494 0000 | 0089 bc24 | 9000 0000 | 4c89 8c24 | 8800 0000 

  0x00000263132222a0: ;   {metadata(method data for {method} {0x0000026326434fb8} 'defineClass' '(Ljava/lang/String;[BIILjava/security/ProtectionDomain;)Ljava/lang/Class;' in 'java/lang/ClassLoader')}
  0x00000263132222a0: 488b da48 | b8b0 de18 | 3b63 0200 | 0048 8380 | 1001 0000 | 0149 8bd8 | 4c8b c34c | 8bc9 488b 
  0x00000263132222c0: ca48 8bd1 | 4889 9c24 | 8000 0000 

  0x00000263132222cc: ;   {optimized virtual_call}
  0x00000263132222cc: 6666 90e8 

  0x00000263132222d0: ; ImmutableOopMap {[120]=Oop [128]=Oop [136]=Oop }
                      ;*invokevirtual preDefineClass {reexecute=0 rethrow=0 return_oop=0}
                      ; - java.lang.ClassLoader::defineClass@4
  0x00000263132222d0: cc6e 0000 

  0x00000263132222d4: ;   {other}
  0x00000263132222d4: 0f1f 8400 | c402 0000 | 4889 8424 | 9800 0000 | 488b 5424 

  0x00000263132222e8: ;   {metadata(method data for {method} {0x0000026326434fb8} 'defineClass' '(Ljava/lang/String;[BIILjava/security/ProtectionDomain;)Ljava/lang/Class;' in 'java/lang/ClassLoader')}
  0x00000263132222e8: 7849 b8b0 | de18 3b63 | 0200 0049 | 8380 4801 

  0x00000263132222f8: ;   {metadata(method data for {method} {0x0000026326434ca0} 'defineClassSourceLocation' '(Ljava/security/ProtectionDomain;)Ljava/lang/String;' in 'java/lang/ClassLoader')}
  0x00000263132222f8: 0000 0149 | b808 ff18 | 3b63 0200 | 0041 8b90 | cc00 0000 | 83c2 0241 | 8990 cc00 | 0000 81e2 
  0x0000026313222318: feff 1f00 | 85d2 0f84 | d702 0000 

  0x0000026313222324: ; implicit exception: dispatches to 0x000002631322261c
  0x0000026313222324: 483b 004c 

  0x0000026313222328: ;   {metadata(method data for {method} {0x0000026326434ca0} 'defineClassSourceLocation' '(Ljava/security/ProtectionDomain;)Ljava/lang/String;' in 'java/lang/ClassLoader')}
  0x0000026313222328: 8bc0 48ba | 08ff 183b | 6302 0000 | 4883 8210 | 0100 0001 | 448b 4010 

  0x0000026313222340: ;   {metadata(method data for {method} {0x0000026326434ca0} 'defineClassSourceLocation' '(Ljava/security/ProtectionDomain;)Ljava/lang/String;' in 'java/lang/ClassLoader')}
  0x0000026313222340: 4d85 c048 | ba08 ff18 | 3b63 0200 | 0048 c7c6 | 5801 0000 | 7507 48c7 | c648 0100 | 0048 8b3c 
  0x0000026313222360: 3248 8d7f | 0148 893c | 320f 850f 

  0x000002631322236c: ;   {oop(nullptr)}
  0x000002631322236c: 0000 0048 | bb00 0000 | 0000 0000 | 00e9 a101 | 0000 493b | 0049 8bd0 

  0x0000026313222384: ;   {metadata(method data for {method} {0x0000026326434ca0} 'defineClassSourceLocation' '(Ljava/security/ProtectionDomain;)Ljava/lang/String;' in 'java/lang/ClassLoader')}
  0x0000026313222384: 48be 08ff | 183b 6302 | 0000 4883 | 8668 0100 | 0001 418b | 500c 4885 

  0x000002631322239c: ;   {metadata(method data for {method} {0x0000026326434ca0} 'defineClassSourceLocation' '(Ljava/security/ProtectionDomain;)Ljava/lang/String;' in 'java/lang/ClassLoader')}
  0x000002631322239c: d248 be08 | ff18 3b63 | 0200 0048 | c7c7 b001 | 0000 7507 | 48c7 c7a0 | 0100 0048 | 8b1c 3e48 
  0x00000263132223bc: 8d5b 0148 | 891c 3e0f | 850f 0000 

  0x00000263132223c8: ;   {oop(nullptr)}
  0x00000263132223c8: 0048 bb00 | 0000 0000 | 0000 00e9 | 4701 0000 

  0x00000263132223d8: ;   {metadata(method data for {method} {0x0000026326434ca0} 'defineClassSourceLocation' '(Ljava/security/ProtectionDomain;)Ljava/lang/String;' in 'java/lang/ClassLoader')}
  0x00000263132223d8: 48be 08ff | 183b 6302 | 0000 4883 | 86c0 0100 | 0001 483b | 024c 8bc2 

  0x00000263132223f0: ;   {metadata(method data for {method} {0x0000026326434ca0} 'defineClassSourceLocation' '(Ljava/security/ProtectionDomain;)Ljava/lang/String;' in 'java/lang/ClassLoader')}
  0x00000263132223f0: 48be 08ff | 183b 6302 | 0000 4883 | 86f8 0100 

  0x0000026313222400: ;   {metadata(method data for {method} {0x000002632601abf0} 'toString' '()Ljava/lang/String;' in 'java/net/URL')}
  0x0000026313222400: 0001 49b8 | c034 0e3b | 6302 0000 | 418b b0cc | 0000 0083 | c602 4189 | b0cc 0000 | 0081 e6fe 
  0x0000026313222420: ff1f 0085 | f60f 8400 | 0200 004c 

  0x000002631322242c: ;   {metadata(method data for {method} {0x000002632601abf0} 'toString' '()Ljava/lang/String;' in 'java/net/URL')}
  0x000002631322242c: 8bc2 48be | c034 0e3b | 6302 0000 | 4883 8610 | 0100 0001 

  0x0000026313222440: ;   {metadata(method data for {method} {0x0000026326428840} 'toExternalForm' '()Ljava/lang/String;' in 'java/net/URL')}
  0x0000026313222440: 49b8 4836 | 0e3b 6302 | 0000 418b | b0cc 0000 | 0083 c602 | 4189 b0cc | 0000 0081 | e6fe ff1f 
  0x0000026313222460: 0085 f60f | 84e3 0100 | 008b 7238 

  0x000002631322246c: ; implicit exception: dispatches to 0x000002631322266d
  0x000002631322246c: 483b 064c 

  0x0000026313222470: ;   {metadata(method data for {method} {0x0000026326428840} 'toExternalForm' '()Ljava/lang/String;' in 'java/net/URL')}
  0x0000026313222470: 8bc6 48bf | 4836 0e3b | 6302 0000 | 458b 4008 | 49ba 0000 | 0026 6302 | 0000 4d03 | c24c 3b87 
  0x0000026313222490: 2001 0000 | 750d 4883 | 8728 0100 | 0001 e960 | 0000 004c | 3b87 3001 | 0000 750d | 4883 8738 
  0x00000263132224b0: 0100 0001 | e94a 0000 | 0048 83bf | 2001 0000 | 0075 174c | 8987 2001 | 0000 48c7 | 8728 0100 
  0x00000263132224d0: 0001 0000 | 00e9 2900 | 0000 4883 | bf30 0100 | 0000 7517 | 4c89 8730 | 0100 0048 | c787 3801 
  0x00000263132224f0: 0000 0100 | 0000 e908 | 0000 0048 | 8387 1001 | 0000 014c | 8bc2 488b | d666 0f1f 

  0x000002631322250c: ;   {optimized virtual_call}
  0x000002631322250c: 4400 00e8 

  0x0000026313222510: ; ImmutableOopMap {[120]=Oop [128]=Oop [136]=Oop [152]=Oop }
                      ;*invokevirtual toExternalForm {reexecute=0 rethrow=0 return_oop=0}
                      ; - java.net.URL::toExternalForm@5
                      ; - java.net.URL::toString@1
                      ; - java.lang.ClassLoader::defineClassSourceLocation@22
                      ; - java.lang.ClassLoader::defineClass@12
  0x0000026313222510: 8c1e f6ff 

  0x0000026313222514: ;   {other}
  0x0000026313222514: 0f1f 8400 | 0405 0001 | 488b d848 | 8b84 2498 | 0000 008b | b424 9400 | 0000 8bbc | 2490 0000 
  0x0000026313222534: 004c 8b8c | 2488 0000 | 004c 8b84 | 2480 0000 | 0048 8b54 

  0x0000026313222548: ;   {metadata(method data for {method} {0x0000026326434fb8} 'defineClass' '(Ljava/lang/String;[BIILjava/security/ProtectionDomain;)Ljava/lang/Class;' in 'java/lang/ClassLoader')}
  0x0000026313222548: 2478 48b9 | b0de 183b | 6302 0000 | 4883 8180 | 0100 0001 | 4c8b da49 | 8bd3 488b | c848 891c 
  0x0000026313222568: 2466 0f1f 

  0x000002631322256c: ;   {static_call}
  0x000002631322256c: 4400 00e8 

  0x0000026313222570: ; ImmutableOopMap {[120]=Oop [152]=Oop }
                      ;*invokestatic defineClass1 {reexecute=0 rethrow=0 return_oop=0}
                      ; - java.lang.ClassLoader::defineClass@27
  0x0000026313222570: ec2e 9307 

  0x0000026313222574: ;   {other}
  0x0000026313222574: 0f1f 8400 | 6405 0002 | 488b 5424 

  0x0000026313222580: ;   {metadata(method data for {method} {0x0000026326434fb8} 'defineClass' '(Ljava/lang/String;[BIILjava/security/ProtectionDomain;)Ljava/lang/Class;' in 'java/lang/ClassLoader')}
  0x0000026313222580: 7849 b8b0 | de18 3b63 | 0200 0049 | 8380 9001 | 0000 014c | 8bc0 4c8b | 8c24 9800 | 0000 488b 
  0x00000263132225a0: 5424 7848 | 8984 24a0 | 0000 000f 

  0x00000263132225ac: ;   {optimized virtual_call}
  0x00000263132225ac: 1f40 00e8 

  0x00000263132225b0: ; ImmutableOopMap {[160]=Oop }
                      ;*invokevirtual postDefineClass {reexecute=0 rethrow=0 return_oop=0}
                      ; - java.lang.ClassLoader::defineClass@37
  0x00000263132225b0: ec9c 0000 

  0x00000263132225b4: ;   {other}
  0x00000263132225b4: 0f1f 8400 | a405 0003 | 488b 8424 | a000 0000 | 4881 c4b0 | 0000 005d 

  0x00000263132225cc: ;   {poll_return}
  0x00000263132225cc: 493b a750 | 0400 000f | 8799 0000 

  0x00000263132225d8: ;   {metadata({method} {0x0000026326434fb8} 'defineClass' '(Ljava/lang/String;[BIILjava/security/ProtectionDomain;)Ljava/lang/Class;' in 'java/lang/ClassLoader')}
  0x00000263132225d8: 00c3 49ba | b04f 4326 | 6302 0000 | 4c89 5424 | 0848 c704 | 24ff ffff 

  0x00000263132225f0: ;   {runtime_call counter_overflow Runtime1 stub}
  0x00000263132225f0: ffe8 0af8 

  0x00000263132225f4: ; ImmutableOopMap {rdx=Oop r8=Oop r9=Oop rcx=Oop [120]=Oop }
                      ;*synchronization entry
                      ; - java.lang.ClassLoader::defineClass@-1
  0x00000263132225f4: 4507 e98f 

  0x00000263132225f8: ;   {metadata({method} {0x0000026326434ca0} 'defineClassSourceLocation' '(Ljava/security/ProtectionDomain;)Ljava/lang/String;' in 'java/lang/ClassLoader')}
  0x00000263132225f8: fcff ff49 | ba98 4c43 | 2663 0200 | 004c 8954 | 2408 48c7 | 0424 ffff 

  0x0000026313222610: ;   {runtime_call counter_overflow Runtime1 stub}
  0x0000026313222610: ffff e8e9 

  0x0000026313222614: ; ImmutableOopMap {rax=Oop [120]=Oop [128]=Oop [136]=Oop [152]=Oop }
                      ;*synchronization entry
                      ; - java.lang.ClassLoader::defineClassSourceLocation@-1
                      ; - java.lang.ClassLoader::defineClass@12
  0x0000026313222614: f745 07e9 | 08fd ffff 

  0x000002631322261c: ;   {runtime_call throw_null_pointer_exception Runtime1 stub}
  0x000002631322261c: e8df 8245 

  0x0000026313222620: ; ImmutableOopMap {rax=Oop [120]=Oop [128]=Oop [136]=Oop [152]=Oop }
                      ;*invokevirtual getCodeSource {reexecute=0 rethrow=0 return_oop=0}
                      ; - java.lang.ClassLoader::defineClassSourceLocation@1
                      ; - java.lang.ClassLoader::defineClass@12
                      ;   {runtime_call throw_null_pointer_exception Runtime1 stub}
  0x0000026313222620: 07e8 da82 

  0x0000026313222624: ; ImmutableOopMap {rax=Oop r8=Oop [120]=Oop [128]=Oop [136]=Oop [152]=Oop }
                      ;*invokevirtual getLocation {reexecute=0 rethrow=0 return_oop=0}
                      ; - java.lang.ClassLoader::defineClassSourceLocation@12
                      ; - java.lang.ClassLoader::defineClass@12
                      ;   {runtime_call throw_null_pointer_exception Runtime1 stub}
  0x0000026313222624: 4507 e8d5 

  0x0000026313222628: ; ImmutableOopMap {rdx=Oop [120]=Oop [128]=Oop [136]=Oop [152]=Oop }
                      ;*invokevirtual toString {reexecute=0 rethrow=0 return_oop=0}
                      ; - java.lang.ClassLoader::defineClassSourceLocation@22
                      ; - java.lang.ClassLoader::defineClass@12
                      ;   {metadata({method} {0x000002632601abf0} 'toString' '()Ljava/lang/String;' in 'java/net/URL')}
  0x0000026313222628: 8245 0749 | bae8 ab01 | 2663 0200 | 004c 8954 | 2408 48c7 | 0424 ffff 

  0x0000026313222640: ;   {runtime_call counter_overflow Runtime1 stub}
  0x0000026313222640: ffff e8b9 

  0x0000026313222644: ; ImmutableOopMap {rdx=Oop [120]=Oop [128]=Oop [136]=Oop [152]=Oop }
                      ;*synchronization entry
                      ; - java.net.URL::toString@-1
                      ; - java.lang.ClassLoader::defineClassSourceLocation@22
                      ; - java.lang.ClassLoader::defineClass@12
  0x0000026313222644: f745 07e9 | dffd ffff 

  0x000002631322264c: ;   {metadata({method} {0x0000026326428840} 'toExternalForm' '()Ljava/lang/String;' in 'java/net/URL')}
  0x000002631322264c: 49ba 3888 | 4226 6302 | 0000 4c89 | 5424 0848 | c704 24ff 

  0x0000026313222660: ;   {runtime_call counter_overflow Runtime1 stub}
  0x0000026313222660: ffff ffe8 

  0x0000026313222664: ; ImmutableOopMap {rdx=Oop [120]=Oop [128]=Oop [136]=Oop [152]=Oop }
                      ;*synchronization entry
                      ; - java.net.URL::toExternalForm@-1
                      ; - java.net.URL::toString@1
                      ; - java.lang.ClassLoader::defineClassSourceLocation@22
                      ; - java.lang.ClassLoader::defineClass@12
  0x0000026313222664: 98f7 4507 | e9fc fdff 

  0x000002631322266c: ;   {runtime_call throw_null_pointer_exception Runtime1 stub}
  0x000002631322266c: ffe8 8e82 

  0x0000026313222670: ; ImmutableOopMap {rdx=Oop rsi=Oop [120]=Oop [128]=Oop [136]=Oop [152]=Oop }
                      ;*invokevirtual toExternalForm {reexecute=0 rethrow=0 return_oop=0}
                      ; - java.net.URL::toExternalForm@5
                      ; - java.net.URL::toString@1
                      ; - java.lang.ClassLoader::defineClassSourceLocation@22
                      ; - java.lang.ClassLoader::defineClass@12
                      ;   {internal_word}
  0x0000026313222670: 4507 49ba | cc25 2213 | 6302 0000 | 4d89 9768 

  0x0000026313222680: ;   {runtime_call SafepointBlob}
  0x0000026313222680: 0400 00e9 | f82d 3a07 | 498b 8700 | 0500 0049 | c787 0005 | 0000 0000 | 0000 49c7 | 8708 0500 
  0x00000263132226a0: 0000 0000 | 0048 81c4 | b000 0000 

  0x00000263132226ac: ;   {runtime_call unwind_exception Runtime1 stub}
  0x00000263132226ac: 5de9 4e73 | 4507 f4f4 | f4f4 f4f4 
[Stub Code]
  0x00000263132226b8: ;   {no_reloc}
  0x00000263132226b8: 0f1f 4400 

  0x00000263132226bc: ;   {static_stub}
  0x00000263132226bc: 0048 bb00 | 0000 0000 

  0x00000263132226c4: ;   {runtime_call nmethod}
  0x00000263132226c4: 0000 00e9 | fbff ffff 

  0x00000263132226cc: ;   {static_stub}
  0x00000263132226cc: 48bb f04c | 4326 6302 

  0x00000263132226d4: ;   {runtime_call I2C/C2I adapters}
  0x00000263132226d4: 0000 e990 

  0x00000263132226d8: ;   {static_stub}
  0x00000263132226d8: 8739 0748 | bb00 0000 | 0000 0000 

  0x00000263132226e4: ;   {runtime_call nmethod}
  0x00000263132226e4: 00e9 fbff 

  0x00000263132226e8: ;   {static_stub}
  0x00000263132226e8: ffff 48bb | d84b 4326 | 6302 0000 

  0x00000263132226f4: ;   {runtime_call I2C/C2I adapters}
  0x00000263132226f4: e972 8739 

  0x00000263132226f8: ;   {runtime_call handle_exception_from_callee Runtime1 stub}
  0x00000263132226f8: 07e8 02a8 

  0x00000263132226fc: ;   {external_word}
  0x00000263132226fc: 4507 48b9 | 5063 70c6 | fc7f 0000 | 4883 e4f0 

  0x000002631322270c: ;   {runtime_call}
  0x000002631322270c: 48b8 c0c9 | 32c6 fc7f | 0000 ffd0 

  0x0000026313222718: ;   {section_word}
  0x0000026313222718: f449 ba19 | 2722 1363 | 0200 0041 

  0x0000026313222724: ;   {runtime_call DeoptimizationBlob}
  0x0000026313222724: 52e9 f61f | 3a07 f4f4 | f4f4 f4f4 
[/MachCode]


Compiled method (c1) 76464  993       3       java.security.SecureClassLoader::defineClass (16 bytes)
 total in heap  [0x00000263131eaf10,0x00000263131eb310] = 1024
 relocation     [0x00000263131eb070,0x00000263131eb0c0] = 80
 main code      [0x00000263131eb0c0,0x00000263131eb218] = 344
 stub code      [0x00000263131eb218,0x00000263131eb268] = 80
 metadata       [0x00000263131eb268,0x00000263131eb270] = 8
 scopes data    [0x00000263131eb270,0x00000263131eb2b8] = 72
 scopes pcs     [0x00000263131eb2b8,0x00000263131eb308] = 80
 dependencies   [0x00000263131eb308,0x00000263131eb310] = 8

[Constant Pool (empty)]

[MachCode]
[Entry Point]
  # {method} {0x000002632604e0e8} 'defineClass' '(Ljava/lang/String;[BIILjava/security/CodeSource;)Ljava/lang/Class;' in 'java/security/SecureClassLoader'
  # this:     rdx:rdx   = 'java/security/SecureClassLoader'
  # parm0:    r8:r8     = 'java/lang/String'
  # parm1:    r9:r9     = '[B'
  # parm2:    rdi       = int
  # parm3:    rsi       = int
  # parm4:    rcx:rcx   = 'java/security/CodeSource'
  #           [sp+0x80]  (sp of caller)
  0x00000263131eb0c0: 448b 5208 | 49bb 0000 | 0026 6302 | 0000 4d03 | d34c 3bd0 

  0x00000263131eb0d4: ;   {runtime_call ic_miss_stub}
  0x00000263131eb0d4: 0f85 a636 | 3d07 660f | 1f44 0000 
[Verified Entry Point]
  0x00000263131eb0e0: 8984 2400 | 80ff ff55 | 4883 ec70 | 4181 7f20 | 0100 0000 

  0x00000263131eb0f4: ;   {runtime_call StubRoutines (final stubs)}
  0x00000263131eb0f4: 7405 e8a5 

  0x00000263131eb0f8: ;   {metadata(method data for {method} {0x000002632604e0e8} 'defineClass' '(Ljava/lang/String;[BIILjava/security/CodeSource;)Ljava/lang/Class;' in 'java/security/SecureClassLoader')}
  0x00000263131eb0f8: b33b 0748 | bb40 a417 | 3b63 0200 | 008b 83cc | 0000 0083 | c002 8983 | cc00 0000 | 25fe 0700 
  0x00000263131eb118: 0085 c00f | 8496 0000 | 0089 7424 | 5c89 7c24 | 584c 894c | 2450 4c89 | 4424 4848 

  0x00000263131eb134: ;   {metadata(method data for {method} {0x000002632604e0e8} 'defineClass' '(Ljava/lang/String;[BIILjava/security/CodeSource;)Ljava/lang/Class;' in 'java/security/SecureClassLoader')}
  0x00000263131eb134: 8bda 48b8 | 40a4 173b | 6302 0000 | 4883 8010 | 0100 0001 | 4c8b c148 | 8bc2 488b | d048 8944 
  0x00000263131eb154: ;   {optimized virtual_call}
  0x00000263131eb154: 2440 90e8 

  0x00000263131eb158: ; ImmutableOopMap {[64]=Oop [72]=Oop [80]=Oop }
                      ;*invokevirtual getProtectionDomain {reexecute=0 rethrow=0 return_oop=0}
                      ; - java.security.SecureClassLoader::defineClass@9
  0x00000263131eb158: 4466 0300 

  0x00000263131eb15c: ;   {other}
  0x00000263131eb15c: 0f1f 8400 | 4c02 0000 | 488b 5424 

  0x00000263131eb168: ;   {metadata(method data for {method} {0x000002632604e0e8} 'defineClass' '(Ljava/lang/String;[BIILjava/security/CodeSource;)Ljava/lang/Class;' in 'java/security/SecureClassLoader')}
  0x00000263131eb168: 4049 b840 | a417 3b63 | 0200 0049 | 8380 4801 | 0000 014c | 8b44 2448 | 4c8b 4c24 | 508b 7c24 
  0x00000263131eb188: 588b 7424 | 5c48 8bc8 | 488b 5424 

  0x00000263131eb194: ;   {optimized virtual_call}
  0x00000263131eb194: 4066 90e8 

  0x00000263131eb198: ; ImmutableOopMap {}
                      ;*invokevirtual defineClass {reexecute=0 rethrow=0 return_oop=0}
                      ; - java.security.SecureClassLoader::defineClass@12
  0x00000263131eb198: a470 0300 

  0x00000263131eb19c: ;   {other}
  0x00000263131eb19c: 0f1f 8400 | 8c02 0001 | 4883 c470 

  0x00000263131eb1a8: ;   {poll_return}
  0x00000263131eb1a8: 5d49 3ba7 | 5004 0000 | 0f87 2200 

  0x00000263131eb1b4: ;   {metadata({method} {0x000002632604e0e8} 'defineClass' '(Ljava/lang/String;[BIILjava/security/CodeSource;)Ljava/lang/Class;' in 'java/security/SecureClassLoader')}
  0x00000263131eb1b4: 0000 c349 | bae0 e004 | 2663 0200 | 004c 8954 | 2408 48c7 | 0424 ffff 

  0x00000263131eb1cc: ;   {runtime_call counter_overflow Runtime1 stub}
  0x00000263131eb1cc: ffff e82d 

  0x00000263131eb1d0: ; ImmutableOopMap {rdx=Oop r8=Oop r9=Oop rcx=Oop }
                      ;*synchronization entry
                      ; - java.security.SecureClassLoader::defineClass@-1
  0x00000263131eb1d0: 6c49 07e9 | 49ff ffff 

  0x00000263131eb1d8: ;   {internal_word}
  0x00000263131eb1d8: 49ba a9b1 | 1e13 6302 | 0000 4d89 | 9768 0400 

  0x00000263131eb1e8: ;   {runtime_call SafepointBlob}
  0x00000263131eb1e8: 00e9 92a2 | 3d07 498b | 8700 0500 | 0049 c787 | 0005 0000 | 0000 0000 | 49c7 8708 | 0500 0000 
  0x00000263131eb208: 0000 0048 | 83c4 705d 

  0x00000263131eb210: ;   {runtime_call unwind_exception Runtime1 stub}
  0x00000263131eb210: e9eb e748 | 07f4 f4f4 
[Stub Code]
  0x00000263131eb218: ;   {no_reloc}
  0x00000263131eb218: 48bb 30e0 | 0426 6302 

  0x00000263131eb220: ;   {runtime_call I2C/C2I adapters}
  0x00000263131eb220: 0000 e9c0 

  0x00000263131eb224: ;   {static_stub}
  0x00000263131eb224: 8d3d 0748 | bbb0 4f43 | 2663 0200 

  0x00000263131eb230: ;   {runtime_call I2C/C2I adapters}
  0x00000263131eb230: 00e9 bf73 

  0x00000263131eb234: ;   {runtime_call handle_exception_from_callee Runtime1 stub}
  0x00000263131eb234: 3c07 e8c5 

  0x00000263131eb238: ;   {external_word}
  0x00000263131eb238: 1c49 0748 | b950 6370 | c6fc 7f00 | 0048 83e4 

  0x00000263131eb248: ;   {runtime_call}
  0x00000263131eb248: f048 b8c0 | c932 c6fc | 7f00 00ff 

  0x00000263131eb254: ;   {section_word}
  0x00000263131eb254: d0f4 49ba | 56b2 1e13 | 6302 0000 

  0x00000263131eb260: ;   {runtime_call DeoptimizationBlob}
  0x00000263131eb260: 4152 e9b9 | 943d 07f4 
[/MachCode]


---------------  P R O C E S S  ---------------

Threads class SMR info:
_java_thread_list=0x0000026341058140, length=26, elements={
0x000002630fe3b0e0, 0x00000263257eaa50, 0x00000263257eb610, 0x00000263257ec530,
0x00000263257ee0a0, 0x00000263257eeb00, 0x00000263257ef560, 0x00000263258023c0,
0x0000026325803990, 0x0000026325a0b500, 0x0000026325a52ba0, 0x0000026340d8f180,
0x0000026340eab1e0, 0x000002633fb11450, 0x000002633fd1b190, 0x00000263258347d0,
0x000002633facfb60, 0x000002633facc6e0, 0x000002633facf4d0, 0x000002633face120,
0x000002633facda90, 0x000002633face7b0, 0x000002633f8cda40, 0x000002633f8ce760,
0x000002633f8ce0d0, 0x000002633f8d3620
}

Java Threads: ( => current thread )
  0x000002630fe3b0e0 JavaThread "main"                              [_thread_blocked, id=20748, stack(0x00000063a6400000,0x00000063a6500000) (1024K)]
  0x00000263257eaa50 JavaThread "Reference Handler"          daemon [_thread_blocked, id=35788, stack(0x00000063a6c00000,0x00000063a6d00000) (1024K)]
  0x00000263257eb610 JavaThread "Finalizer"                  daemon [_thread_blocked, id=20940, stack(0x00000063a6d00000,0x00000063a6e00000) (1024K)]
  0x00000263257ec530 JavaThread "Signal Dispatcher"          daemon [_thread_blocked, id=32116, stack(0x00000063a6e00000,0x00000063a6f00000) (1024K)]
  0x00000263257ee0a0 JavaThread "Attach Listener"            daemon [_thread_blocked, id=14032, stack(0x00000063a6f00000,0x00000063a7000000) (1024K)]
  0x00000263257eeb00 JavaThread "Service Thread"             daemon [_thread_blocked, id=20736, stack(0x00000063a7000000,0x00000063a7100000) (1024K)]
  0x00000263257ef560 JavaThread "Monitor Deflation Thread"   daemon [_thread_blocked, id=19040, stack(0x00000063a7100000,0x00000063a7200000) (1024K)]
  0x00000263258023c0 JavaThread "C2 CompilerThread0"         daemon [_thread_blocked, id=3616, stack(0x00000063a7200000,0x00000063a7300000) (1024K)]
  0x0000026325803990 JavaThread "C1 CompilerThread0"         daemon [_thread_blocked, id=7204, stack(0x00000063a7300000,0x00000063a7400000) (1024K)]
  0x0000026325a0b500 JavaThread "Common-Cleaner"             daemon [_thread_blocked, id=34236, stack(0x00000063a7400000,0x00000063a7500000) (1024K)]
  0x0000026325a52ba0 JavaThread "Notification Thread"        daemon [_thread_blocked, id=15004, stack(0x00000063a7500000,0x00000063a7600000) (1024K)]
  0x0000026340d8f180 JavaThread "Daemon health stats"               [_thread_blocked, id=11016, stack(0x00000063a7b00000,0x00000063a7c00000) (1024K)]
  0x0000026340eab1e0 JavaThread "Incoming local TCP Connector on port 59203"        [_thread_in_native, id=23976, stack(0x00000063a7c00000,0x00000063a7d00000) (1024K)]
  0x000002633fb11450 JavaThread "Daemon periodic checks"            [_thread_blocked, id=9248, stack(0x00000063a7d00000,0x00000063a7e00000) (1024K)]
  0x000002633fd1b190 JavaThread "Daemon"                            [_thread_blocked, id=33840, stack(0x00000063a7e00000,0x00000063a7f00000) (1024K)]
=>0x00000263258347d0 JavaThread "Daemon worker"                     [_thread_in_vm, id=16076, stack(0x00000063a8100000,0x00000063a8200000) (1024K)]
  0x000002633facfb60 JavaThread "Handler for socket connection from /127.0.0.1:59203 to /127.0.0.1:59225"        [_thread_in_native, id=7476, stack(0x00000063a7f00000,0x00000063a8000000) (1024K)]
  0x000002633facc6e0 JavaThread "Daemon Thread 2"                   [_thread_blocked, id=13524, stack(0x00000063a8000000,0x00000063a8100000) (1024K)]
  0x000002633facf4d0 JavaThread "Cancel handler"                    [_thread_blocked, id=31732, stack(0x00000063a8200000,0x00000063a8300000) (1024K)]
  0x000002633face120 JavaThread "Daemon Thread 3"                   [_thread_blocked, id=21288, stack(0x00000063a8500000,0x00000063a8600000) (1024K)]
  0x000002633facda90 JavaThread "Daemon Thread 4"                   [_thread_blocked, id=21188, stack(0x00000063a8600000,0x00000063a8700000) (1024K)]
  0x000002633face7b0 JavaThread "Daemon Thread 5"                   [_thread_blocked, id=14692, stack(0x00000063a8700000,0x00000063a8800000) (1024K)]
  0x000002633f8cda40 JavaThread "Daemon Thread 6"                   [_thread_blocked, id=5440, stack(0x00000063a8900000,0x00000063a8a00000) (1024K)]
  0x000002633f8ce760 JavaThread "Asynchronous log dispatcher for DefaultDaemonConnection: socket connection from /127.0.0.1:59203 to /127.0.0.1:59225"        [_thread_blocked, id=1212, stack(0x00000063a9000000,0x00000063a9100000) (1024K)]
  0x000002633f8ce0d0 JavaThread "Stdin handler"                     [_thread_blocked, id=24644, stack(0x00000063a8400000,0x00000063a8500000) (1024K)]
  0x000002633f8d3620 JavaThread "Daemon client event forwarder"        [_thread_blocked, id=9180, stack(0x00000063a8300000,0x00000063a8400000) (1024K)]
Total: 26

Other Threads:
  0x00000263257d1550 VMThread "VM Thread"                           [id=27824, stack(0x00000063a6b00000,0x00000063a6c00000) (1024K)] _threads_hazard_ptr=0x0000026341058140
  0x00000263257c26e0 WatcherThread "VM Periodic Task Thread"        [id=7288, stack(0x00000063a6a00000,0x00000063a6b00000) (1024K)]
  0x000002630fe67780 WorkerThread "GC Thread#0"                     [id=15024, stack(0x00000063a6500000,0x00000063a6600000) (1024K)]
  0x000002633f1e11d0 WorkerThread "GC Thread#1"                     [id=25536, stack(0x00000063a7600000,0x00000063a7700000) (1024K)]
  0x000002633f1e2090 WorkerThread "GC Thread#2"                     [id=18652, stack(0x00000063a7700000,0x00000063a7800000) (1024K)]
  0x000002633f1e2440 WorkerThread "GC Thread#3"                     [id=29708, stack(0x00000063a7800000,0x00000063a7900000) (1024K)]
  0x000002633f1e27f0 WorkerThread "GC Thread#4"                     [id=34204, stack(0x00000063a7900000,0x00000063a7a00000) (1024K)]
  0x000002633f1e2ba0 WorkerThread "GC Thread#5"                     [id=29456, stack(0x00000063a7a00000,0x00000063a7b00000) (1024K)]
  0x000002630fe6d780 ConcurrentGCThread "G1 Main Marker"            [id=16524, stack(0x00000063a6600000,0x00000063a6700000) (1024K)]
  0x000002630fe6eea0 WorkerThread "G1 Conc#0"                       [id=936, stack(0x00000063a6700000,0x00000063a6800000) (1024K)]
  0x0000026325691da0 ConcurrentGCThread "G1 Refine#0"               [id=34412, stack(0x00000063a6800000,0x00000063a6900000) (1024K)]
  0x0000026325693930 ConcurrentGCThread "G1 Service"                [id=11344, stack(0x00000063a6900000,0x00000063a6a00000) (1024K)]
Total: 12

Threads with active compile tasks:
Total: 0

VM state: synchronizing (normal execution)

VM Mutex/Monitor currently owned by a thread:  ([mutex/lock_event])
[0x00007ffcc69bd530] Metaspace_lock - owner thread: 0x00000263258347d0
[0x00007ffcc69bf5b0] Threads_lock - owner thread: 0x00000263257d1550

Heap address: 0x00000000e0000000, size: 512 MB, Compressed Oops mode: 32-bit

CDS archive(s) mapped at: [0x0000026326000000-0x0000026326ba0000-0x0000026326ba0000), size 12189696, SharedBaseAddress: 0x0000026326000000, ArchiveRelocationMode: 1.
Compressed class space mapped at: 0x0000026327000000-0x000002633b000000, reserved size: 335544320
Narrow klass base: 0x0000026326000000, Narrow klass shift: 0, Narrow klass range: 0x100000000

GC Precious Log:
 CardTable entry size: 512
 Card Set container configuration: InlinePtr #cards 5 size 8 Array Of Cards #cards 12 size 40 Howl #buckets 4 coarsen threshold 1843 Howl Bitmap #cards 512 size 80 coarsen threshold 460 Card regions per heap region 1 cards per card region 2048
 CPUs: 8 total, 8 available
 Memory: 8059M
 Large Page Support: Disabled
 NUMA Support: Disabled
 Compressed Oops: Enabled (32-bit)
 Heap Region Size: 1M
 Heap Min Capacity: 256M
 Heap Initial Capacity: 256M
 Heap Max Capacity: 512M
 Pre-touch: Disabled
 Parallel Workers: 8
 Concurrent Workers: 2
 Concurrent Refinement Workers: 8
 Periodic GC: Disabled

Heap:
 garbage-first heap   total 262144K, used 91178K [0x00000000e0000000, 0x0000000100000000)
  region size 1024K, 79 young (80896K), 3 survivors (3072K)
 Metaspace       used 14532K, committed 14912K, reserved 393216K
  class space    used 1919K, committed 2112K, reserved 327680K

Heap Regions: E=young(eden), S=young(survivor), O=old, HS=humongous(starts), HC=humongous(continues), CS=collection set, F=free, TAMS=top-at-mark-start, PB=parsable bottom
|   0|0x00000000e0000000, 0x00000000e0100000, 0x00000000e0100000|100%|HS|  |TAMS 0x00000000e0000000| PB 0x00000000e0000000| Complete 
|   1|0x00000000e0100000, 0x00000000e0200000, 0x00000000e0200000|100%|HC|  |TAMS 0x00000000e0100000| PB 0x00000000e0100000| Complete 
|   2|0x00000000e0200000, 0x00000000e0300000, 0x00000000e0300000|100%|HC|  |TAMS 0x00000000e0200000| PB 0x00000000e0200000| Complete 
|   3|0x00000000e0300000, 0x00000000e0400000, 0x00000000e0400000|100%|HC|  |TAMS 0x00000000e0300000| PB 0x00000000e0300000| Complete 
|   4|0x00000000e0400000, 0x00000000e0500000, 0x00000000e0500000|100%| O|  |TAMS 0x00000000e0400000| PB 0x00000000e0400000| Untracked 
|   5|0x00000000e0500000, 0x00000000e0600000, 0x00000000e0600000|100%| O|  |TAMS 0x00000000e0500000| PB 0x00000000e0500000| Untracked 
|   6|0x00000000e0600000, 0x00000000e0700000, 0x00000000e0700000|100%| O|  |TAMS 0x00000000e0600000| PB 0x00000000e0600000| Untracked 
|   7|0x00000000e0700000, 0x00000000e0800000, 0x00000000e0800000|100%| O|  |TAMS 0x00000000e0700000| PB 0x00000000e0700000| Untracked 
|   8|0x00000000e0800000, 0x00000000e0900000, 0x00000000e0900000|100%|HS|  |TAMS 0x00000000e0800000| PB 0x00000000e0800000| Complete 
|   9|0x00000000e0900000, 0x00000000e0900000, 0x00000000e0a00000|  0%| F|  |TAMS 0x00000000e0900000| PB 0x00000000e0900000| Untracked 
|  10|0x00000000e0a00000, 0x00000000e0b00000, 0x00000000e0b00000|100%| O|  |TAMS 0x00000000e0a00000| PB 0x00000000e0a00000| Untracked 
|  11|0x00000000e0b00000, 0x00000000e0c00000, 0x00000000e0c00000|100%| O|  |TAMS 0x00000000e0b00000| PB 0x00000000e0b00000| Untracked 
|  12|0x00000000e0c00000, 0x00000000e0cd3fd8, 0x00000000e0d00000| 82%| O|  |TAMS 0x00000000e0c00000| PB 0x00000000e0c00000| Untracked 
|  13|0x00000000e0d00000, 0x00000000e0d00000, 0x00000000e0e00000|  0%| F|  |TAMS 0x00000000e0d00000| PB 0x00000000e0d00000| Untracked 
|  14|0x00000000e0e00000, 0x00000000e0e00000, 0x00000000e0f00000|  0%| F|  |TAMS 0x00000000e0e00000| PB 0x00000000e0e00000| Untracked 
|  15|0x00000000e0f00000, 0x00000000e0f00000, 0x00000000e1000000|  0%| F|  |TAMS 0x00000000e0f00000| PB 0x00000000e0f00000| Untracked 
|  16|0x00000000e1000000, 0x00000000e1000000, 0x00000000e1100000|  0%| F|  |TAMS 0x00000000e1000000| PB 0x00000000e1000000| Untracked 
|  17|0x00000000e1100000, 0x00000000e1100000, 0x00000000e1200000|  0%| F|  |TAMS 0x00000000e1100000| PB 0x00000000e1100000| Untracked 
|  18|0x00000000e1200000, 0x00000000e1200000, 0x00000000e1300000|  0%| F|  |TAMS 0x00000000e1200000| PB 0x00000000e1200000| Untracked 
|  19|0x00000000e1300000, 0x00000000e1300000, 0x00000000e1400000|  0%| F|  |TAMS 0x00000000e1300000| PB 0x00000000e1300000| Untracked 
|  20|0x00000000e1400000, 0x00000000e1400000, 0x00000000e1500000|  0%| F|  |TAMS 0x00000000e1400000| PB 0x00000000e1400000| Untracked 
|  21|0x00000000e1500000, 0x00000000e1500000, 0x00000000e1600000|  0%| F|  |TAMS 0x00000000e1500000| PB 0x00000000e1500000| Untracked 
|  22|0x00000000e1600000, 0x00000000e1600000, 0x00000000e1700000|  0%| F|  |TAMS 0x00000000e1600000| PB 0x00000000e1600000| Untracked 
|  23|0x00000000e1700000, 0x00000000e1700000, 0x00000000e1800000|  0%| F|  |TAMS 0x00000000e1700000| PB 0x00000000e1700000| Untracked 
|  24|0x00000000e1800000, 0x00000000e1800000, 0x00000000e1900000|  0%| F|  |TAMS 0x00000000e1800000| PB 0x00000000e1800000| Untracked 
|  25|0x00000000e1900000, 0x00000000e1900000, 0x00000000e1a00000|  0%| F|  |TAMS 0x00000000e1900000| PB 0x00000000e1900000| Untracked 
|  26|0x00000000e1a00000, 0x00000000e1a00000, 0x00000000e1b00000|  0%| F|  |TAMS 0x00000000e1a00000| PB 0x00000000e1a00000| Untracked 
|  27|0x00000000e1b00000, 0x00000000e1b00000, 0x00000000e1c00000|  0%| F|  |TAMS 0x00000000e1b00000| PB 0x00000000e1b00000| Untracked 
|  28|0x00000000e1c00000, 0x00000000e1c00000, 0x00000000e1d00000|  0%| F|  |TAMS 0x00000000e1c00000| PB 0x00000000e1c00000| Untracked 
|  29|0x00000000e1d00000, 0x00000000e1d00000, 0x00000000e1e00000|  0%| F|  |TAMS 0x00000000e1d00000| PB 0x00000000e1d00000| Untracked 
|  30|0x00000000e1e00000, 0x00000000e1e00000, 0x00000000e1f00000|  0%| F|  |TAMS 0x00000000e1e00000| PB 0x00000000e1e00000| Untracked 
|  31|0x00000000e1f00000, 0x00000000e1f00000, 0x00000000e2000000|  0%| F|  |TAMS 0x00000000e1f00000| PB 0x00000000e1f00000| Untracked 
|  32|0x00000000e2000000, 0x00000000e2000000, 0x00000000e2100000|  0%| F|  |TAMS 0x00000000e2000000| PB 0x00000000e2000000| Untracked 
|  33|0x00000000e2100000, 0x00000000e2100000, 0x00000000e2200000|  0%| F|  |TAMS 0x00000000e2100000| PB 0x00000000e2100000| Untracked 
|  34|0x00000000e2200000, 0x00000000e2200000, 0x00000000e2300000|  0%| F|  |TAMS 0x00000000e2200000| PB 0x00000000e2200000| Untracked 
|  35|0x00000000e2300000, 0x00000000e2300000, 0x00000000e2400000|  0%| F|  |TAMS 0x00000000e2300000| PB 0x00000000e2300000| Untracked 
|  36|0x00000000e2400000, 0x00000000e2400000, 0x00000000e2500000|  0%| F|  |TAMS 0x00000000e2400000| PB 0x00000000e2400000| Untracked 
|  37|0x00000000e2500000, 0x00000000e2500000, 0x00000000e2600000|  0%| F|  |TAMS 0x00000000e2500000| PB 0x00000000e2500000| Untracked 
|  38|0x00000000e2600000, 0x00000000e2600000, 0x00000000e2700000|  0%| F|  |TAMS 0x00000000e2600000| PB 0x00000000e2600000| Untracked 
|  39|0x00000000e2700000, 0x00000000e2700000, 0x00000000e2800000|  0%| F|  |TAMS 0x00000000e2700000| PB 0x00000000e2700000| Untracked 
|  40|0x00000000e2800000, 0x00000000e2800000, 0x00000000e2900000|  0%| F|  |TAMS 0x00000000e2800000| PB 0x00000000e2800000| Untracked 
|  41|0x00000000e2900000, 0x00000000e2900000, 0x00000000e2a00000|  0%| F|  |TAMS 0x00000000e2900000| PB 0x00000000e2900000| Untracked 
|  42|0x00000000e2a00000, 0x00000000e2a00000, 0x00000000e2b00000|  0%| F|  |TAMS 0x00000000e2a00000| PB 0x00000000e2a00000| Untracked 
|  43|0x00000000e2b00000, 0x00000000e2b00000, 0x00000000e2c00000|  0%| F|  |TAMS 0x00000000e2b00000| PB 0x00000000e2b00000| Untracked 
|  44|0x00000000e2c00000, 0x00000000e2c00000, 0x00000000e2d00000|  0%| F|  |TAMS 0x00000000e2c00000| PB 0x00000000e2c00000| Untracked 
|  45|0x00000000e2d00000, 0x00000000e2d00000, 0x00000000e2e00000|  0%| F|  |TAMS 0x00000000e2d00000| PB 0x00000000e2d00000| Untracked 
|  46|0x00000000e2e00000, 0x00000000e2e00000, 0x00000000e2f00000|  0%| F|  |TAMS 0x00000000e2e00000| PB 0x00000000e2e00000| Untracked 
|  47|0x00000000e2f00000, 0x00000000e2f00000, 0x00000000e3000000|  0%| F|  |TAMS 0x00000000e2f00000| PB 0x00000000e2f00000| Untracked 
|  48|0x00000000e3000000, 0x00000000e3000000, 0x00000000e3100000|  0%| F|  |TAMS 0x00000000e3000000| PB 0x00000000e3000000| Untracked 
|  49|0x00000000e3100000, 0x00000000e3100000, 0x00000000e3200000|  0%| F|  |TAMS 0x00000000e3100000| PB 0x00000000e3100000| Untracked 
|  50|0x00000000e3200000, 0x00000000e3200000, 0x00000000e3300000|  0%| F|  |TAMS 0x00000000e3200000| PB 0x00000000e3200000| Untracked 
|  51|0x00000000e3300000, 0x00000000e3300000, 0x00000000e3400000|  0%| F|  |TAMS 0x00000000e3300000| PB 0x00000000e3300000| Untracked 
|  52|0x00000000e3400000, 0x00000000e3400000, 0x00000000e3500000|  0%| F|  |TAMS 0x00000000e3400000| PB 0x00000000e3400000| Untracked 
|  53|0x00000000e3500000, 0x00000000e3500000, 0x00000000e3600000|  0%| F|  |TAMS 0x00000000e3500000| PB 0x00000000e3500000| Untracked 
|  54|0x00000000e3600000, 0x00000000e3600000, 0x00000000e3700000|  0%| F|  |TAMS 0x00000000e3600000| PB 0x00000000e3600000| Untracked 
|  55|0x00000000e3700000, 0x00000000e3700000, 0x00000000e3800000|  0%| F|  |TAMS 0x00000000e3700000| PB 0x00000000e3700000| Untracked 
|  56|0x00000000e3800000, 0x00000000e3800000, 0x00000000e3900000|  0%| F|  |TAMS 0x00000000e3800000| PB 0x00000000e3800000| Untracked 
|  57|0x00000000e3900000, 0x00000000e3900000, 0x00000000e3a00000|  0%| F|  |TAMS 0x00000000e3900000| PB 0x00000000e3900000| Untracked 
|  58|0x00000000e3a00000, 0x00000000e3a00000, 0x00000000e3b00000|  0%| F|  |TAMS 0x00000000e3a00000| PB 0x00000000e3a00000| Untracked 
|  59|0x00000000e3b00000, 0x00000000e3b00000, 0x00000000e3c00000|  0%| F|  |TAMS 0x00000000e3b00000| PB 0x00000000e3b00000| Untracked 
|  60|0x00000000e3c00000, 0x00000000e3c00000, 0x00000000e3d00000|  0%| F|  |TAMS 0x00000000e3c00000| PB 0x00000000e3c00000| Untracked 
|  61|0x00000000e3d00000, 0x00000000e3d00000, 0x00000000e3e00000|  0%| F|  |TAMS 0x00000000e3d00000| PB 0x00000000e3d00000| Untracked 
|  62|0x00000000e3e00000, 0x00000000e3e00000, 0x00000000e3f00000|  0%| F|  |TAMS 0x00000000e3e00000| PB 0x00000000e3e00000| Untracked 
|  63|0x00000000e3f00000, 0x00000000e3f00000, 0x00000000e4000000|  0%| F|  |TAMS 0x00000000e3f00000| PB 0x00000000e3f00000| Untracked 
|  64|0x00000000e4000000, 0x00000000e4000000, 0x00000000e4100000|  0%| F|  |TAMS 0x00000000e4000000| PB 0x00000000e4000000| Untracked 
|  65|0x00000000e4100000, 0x00000000e4100000, 0x00000000e4200000|  0%| F|  |TAMS 0x00000000e4100000| PB 0x00000000e4100000| Untracked 
|  66|0x00000000e4200000, 0x00000000e4200000, 0x00000000e4300000|  0%| F|  |TAMS 0x00000000e4200000| PB 0x00000000e4200000| Untracked 
|  67|0x00000000e4300000, 0x00000000e4300000, 0x00000000e4400000|  0%| F|  |TAMS 0x00000000e4300000| PB 0x00000000e4300000| Untracked 
|  68|0x00000000e4400000, 0x00000000e4400000, 0x00000000e4500000|  0%| F|  |TAMS 0x00000000e4400000| PB 0x00000000e4400000| Untracked 
|  69|0x00000000e4500000, 0x00000000e4500000, 0x00000000e4600000|  0%| F|  |TAMS 0x00000000e4500000| PB 0x00000000e4500000| Untracked 
|  70|0x00000000e4600000, 0x00000000e4600000, 0x00000000e4700000|  0%| F|  |TAMS 0x00000000e4600000| PB 0x00000000e4600000| Untracked 
|  71|0x00000000e4700000, 0x00000000e4700000, 0x00000000e4800000|  0%| F|  |TAMS 0x00000000e4700000| PB 0x00000000e4700000| Untracked 
|  72|0x00000000e4800000, 0x00000000e4800000, 0x00000000e4900000|  0%| F|  |TAMS 0x00000000e4800000| PB 0x00000000e4800000| Untracked 
|  73|0x00000000e4900000, 0x00000000e4900000, 0x00000000e4a00000|  0%| F|  |TAMS 0x00000000e4900000| PB 0x00000000e4900000| Untracked 
|  74|0x00000000e4a00000, 0x00000000e4a00000, 0x00000000e4b00000|  0%| F|  |TAMS 0x00000000e4a00000| PB 0x00000000e4a00000| Untracked 
|  75|0x00000000e4b00000, 0x00000000e4b00000, 0x00000000e4c00000|  0%| F|  |TAMS 0x00000000e4b00000| PB 0x00000000e4b00000| Untracked 
|  76|0x00000000e4c00000, 0x00000000e4c00000, 0x00000000e4d00000|  0%| F|  |TAMS 0x00000000e4c00000| PB 0x00000000e4c00000| Untracked 
|  77|0x00000000e4d00000, 0x00000000e4d00000, 0x00000000e4e00000|  0%| F|  |TAMS 0x00000000e4d00000| PB 0x00000000e4d00000| Untracked 
|  78|0x00000000e4e00000, 0x00000000e4e00000, 0x00000000e4f00000|  0%| F|  |TAMS 0x00000000e4e00000| PB 0x00000000e4e00000| Untracked 
|  79|0x00000000e4f00000, 0x00000000e4f00000, 0x00000000e5000000|  0%| F|  |TAMS 0x00000000e4f00000| PB 0x00000000e4f00000| Untracked 
|  80|0x00000000e5000000, 0x00000000e5000000, 0x00000000e5100000|  0%| F|  |TAMS 0x00000000e5000000| PB 0x00000000e5000000| Untracked 
|  81|0x00000000e5100000, 0x00000000e5100000, 0x00000000e5200000|  0%| F|  |TAMS 0x00000000e5100000| PB 0x00000000e5100000| Untracked 
|  82|0x00000000e5200000, 0x00000000e5200000, 0x00000000e5300000|  0%| F|  |TAMS 0x00000000e5200000| PB 0x00000000e5200000| Untracked 
|  83|0x00000000e5300000, 0x00000000e5300000, 0x00000000e5400000|  0%| F|  |TAMS 0x00000000e5300000| PB 0x00000000e5300000| Untracked 
|  84|0x00000000e5400000, 0x00000000e5400000, 0x00000000e5500000|  0%| F|  |TAMS 0x00000000e5400000| PB 0x00000000e5400000| Untracked 
|  85|0x00000000e5500000, 0x00000000e5500000, 0x00000000e5600000|  0%| F|  |TAMS 0x00000000e5500000| PB 0x00000000e5500000| Untracked 
|  86|0x00000000e5600000, 0x00000000e5600000, 0x00000000e5700000|  0%| F|  |TAMS 0x00000000e5600000| PB 0x00000000e5600000| Untracked 
|  87|0x00000000e5700000, 0x00000000e5700000, 0x00000000e5800000|  0%| F|  |TAMS 0x00000000e5700000| PB 0x00000000e5700000| Untracked 
|  88|0x00000000e5800000, 0x00000000e5800000, 0x00000000e5900000|  0%| F|  |TAMS 0x00000000e5800000| PB 0x00000000e5800000| Untracked 
|  89|0x00000000e5900000, 0x00000000e5900000, 0x00000000e5a00000|  0%| F|  |TAMS 0x00000000e5900000| PB 0x00000000e5900000| Untracked 
|  90|0x00000000e5a00000, 0x00000000e5a00000, 0x00000000e5b00000|  0%| F|  |TAMS 0x00000000e5a00000| PB 0x00000000e5a00000| Untracked 
|  91|0x00000000e5b00000, 0x00000000e5b00000, 0x00000000e5c00000|  0%| F|  |TAMS 0x00000000e5b00000| PB 0x00000000e5b00000| Untracked 
|  92|0x00000000e5c00000, 0x00000000e5c00000, 0x00000000e5d00000|  0%| F|  |TAMS 0x00000000e5c00000| PB 0x00000000e5c00000| Untracked 
|  93|0x00000000e5d00000, 0x00000000e5d00000, 0x00000000e5e00000|  0%| F|  |TAMS 0x00000000e5d00000| PB 0x00000000e5d00000| Untracked 
|  94|0x00000000e5e00000, 0x00000000e5e00000, 0x00000000e5f00000|  0%| F|  |TAMS 0x00000000e5e00000| PB 0x00000000e5e00000| Untracked 
|  95|0x00000000e5f00000, 0x00000000e5f00000, 0x00000000e6000000|  0%| F|  |TAMS 0x00000000e5f00000| PB 0x00000000e5f00000| Untracked 
|  96|0x00000000e6000000, 0x00000000e6000000, 0x00000000e6100000|  0%| F|  |TAMS 0x00000000e6000000| PB 0x00000000e6000000| Untracked 
|  97|0x00000000e6100000, 0x00000000e6100000, 0x00000000e6200000|  0%| F|  |TAMS 0x00000000e6100000| PB 0x00000000e6100000| Untracked 
|  98|0x00000000e6200000, 0x00000000e6200000, 0x00000000e6300000|  0%| F|  |TAMS 0x00000000e6200000| PB 0x00000000e6200000| Untracked 
|  99|0x00000000e6300000, 0x00000000e6300000, 0x00000000e6400000|  0%| F|  |TAMS 0x00000000e6300000| PB 0x00000000e6300000| Untracked 
| 100|0x00000000e6400000, 0x00000000e6400000, 0x00000000e6500000|  0%| F|  |TAMS 0x00000000e6400000| PB 0x00000000e6400000| Untracked 
| 101|0x00000000e6500000, 0x00000000e6500000, 0x00000000e6600000|  0%| F|  |TAMS 0x00000000e6500000| PB 0x00000000e6500000| Untracked 
| 102|0x00000000e6600000, 0x00000000e6600000, 0x00000000e6700000|  0%| F|  |TAMS 0x00000000e6600000| PB 0x00000000e6600000| Untracked 
| 103|0x00000000e6700000, 0x00000000e6700000, 0x00000000e6800000|  0%| F|  |TAMS 0x00000000e6700000| PB 0x00000000e6700000| Untracked 
| 104|0x00000000e6800000, 0x00000000e6800000, 0x00000000e6900000|  0%| F|  |TAMS 0x00000000e6800000| PB 0x00000000e6800000| Untracked 
| 105|0x00000000e6900000, 0x00000000e6900000, 0x00000000e6a00000|  0%| F|  |TAMS 0x00000000e6900000| PB 0x00000000e6900000| Untracked 
| 106|0x00000000e6a00000, 0x00000000e6a00000, 0x00000000e6b00000|  0%| F|  |TAMS 0x00000000e6a00000| PB 0x00000000e6a00000| Untracked 
| 107|0x00000000e6b00000, 0x00000000e6b00000, 0x00000000e6c00000|  0%| F|  |TAMS 0x00000000e6b00000| PB 0x00000000e6b00000| Untracked 
| 108|0x00000000e6c00000, 0x00000000e6c00000, 0x00000000e6d00000|  0%| F|  |TAMS 0x00000000e6c00000| PB 0x00000000e6c00000| Untracked 
| 109|0x00000000e6d00000, 0x00000000e6d00000, 0x00000000e6e00000|  0%| F|  |TAMS 0x00000000e6d00000| PB 0x00000000e6d00000| Untracked 
| 110|0x00000000e6e00000, 0x00000000e6e00000, 0x00000000e6f00000|  0%| F|  |TAMS 0x00000000e6e00000| PB 0x00000000e6e00000| Untracked 
| 111|0x00000000e6f00000, 0x00000000e6f00000, 0x00000000e7000000|  0%| F|  |TAMS 0x00000000e6f00000| PB 0x00000000e6f00000| Untracked 
| 112|0x00000000e7000000, 0x00000000e7000000, 0x00000000e7100000|  0%| F|  |TAMS 0x00000000e7000000| PB 0x00000000e7000000| Untracked 
| 113|0x00000000e7100000, 0x00000000e7100000, 0x00000000e7200000|  0%| F|  |TAMS 0x00000000e7100000| PB 0x00000000e7100000| Untracked 
| 114|0x00000000e7200000, 0x00000000e7200000, 0x00000000e7300000|  0%| F|  |TAMS 0x00000000e7200000| PB 0x00000000e7200000| Untracked 
| 115|0x00000000e7300000, 0x00000000e7300000, 0x00000000e7400000|  0%| F|  |TAMS 0x00000000e7300000| PB 0x00000000e7300000| Untracked 
| 116|0x00000000e7400000, 0x00000000e7400000, 0x00000000e7500000|  0%| F|  |TAMS 0x00000000e7400000| PB 0x00000000e7400000| Untracked 
| 117|0x00000000e7500000, 0x00000000e7500000, 0x00000000e7600000|  0%| F|  |TAMS 0x00000000e7500000| PB 0x00000000e7500000| Untracked 
| 118|0x00000000e7600000, 0x00000000e7600000, 0x00000000e7700000|  0%| F|  |TAMS 0x00000000e7600000| PB 0x00000000e7600000| Untracked 
| 119|0x00000000e7700000, 0x00000000e7700000, 0x00000000e7800000|  0%| F|  |TAMS 0x00000000e7700000| PB 0x00000000e7700000| Untracked 
| 120|0x00000000e7800000, 0x00000000e7800000, 0x00000000e7900000|  0%| F|  |TAMS 0x00000000e7800000| PB 0x00000000e7800000| Untracked 
| 121|0x00000000e7900000, 0x00000000e7900000, 0x00000000e7a00000|  0%| F|  |TAMS 0x00000000e7900000| PB 0x00000000e7900000| Untracked 
| 122|0x00000000e7a00000, 0x00000000e7a00000, 0x00000000e7b00000|  0%| F|  |TAMS 0x00000000e7a00000| PB 0x00000000e7a00000| Untracked 
| 123|0x00000000e7b00000, 0x00000000e7b00000, 0x00000000e7c00000|  0%| F|  |TAMS 0x00000000e7b00000| PB 0x00000000e7b00000| Untracked 
| 124|0x00000000e7c00000, 0x00000000e7c00000, 0x00000000e7d00000|  0%| F|  |TAMS 0x00000000e7c00000| PB 0x00000000e7c00000| Untracked 
| 125|0x00000000e7d00000, 0x00000000e7d00000, 0x00000000e7e00000|  0%| F|  |TAMS 0x00000000e7d00000| PB 0x00000000e7d00000| Untracked 
| 126|0x00000000e7e00000, 0x00000000e7e00000, 0x00000000e7f00000|  0%| F|  |TAMS 0x00000000e7e00000| PB 0x00000000e7e00000| Untracked 
| 127|0x00000000e7f00000, 0x00000000e7f00000, 0x00000000e8000000|  0%| F|  |TAMS 0x00000000e7f00000| PB 0x00000000e7f00000| Untracked 
| 128|0x00000000e8000000, 0x00000000e8000000, 0x00000000e8100000|  0%| F|  |TAMS 0x00000000e8000000| PB 0x00000000e8000000| Untracked 
| 129|0x00000000e8100000, 0x00000000e8100000, 0x00000000e8200000|  0%| F|  |TAMS 0x00000000e8100000| PB 0x00000000e8100000| Untracked 
| 130|0x00000000e8200000, 0x00000000e8200000, 0x00000000e8300000|  0%| F|  |TAMS 0x00000000e8200000| PB 0x00000000e8200000| Untracked 
| 131|0x00000000e8300000, 0x00000000e8300000, 0x00000000e8400000|  0%| F|  |TAMS 0x00000000e8300000| PB 0x00000000e8300000| Untracked 
| 132|0x00000000e8400000, 0x00000000e8400000, 0x00000000e8500000|  0%| F|  |TAMS 0x00000000e8400000| PB 0x00000000e8400000| Untracked 
| 133|0x00000000e8500000, 0x00000000e8500000, 0x00000000e8600000|  0%| F|  |TAMS 0x00000000e8500000| PB 0x00000000e8500000| Untracked 
| 134|0x00000000e8600000, 0x00000000e8600000, 0x00000000e8700000|  0%| F|  |TAMS 0x00000000e8600000| PB 0x00000000e8600000| Untracked 
| 135|0x00000000e8700000, 0x00000000e8700000, 0x00000000e8800000|  0%| F|  |TAMS 0x00000000e8700000| PB 0x00000000e8700000| Untracked 
| 136|0x00000000e8800000, 0x00000000e8800000, 0x00000000e8900000|  0%| F|  |TAMS 0x00000000e8800000| PB 0x00000000e8800000| Untracked 
| 137|0x00000000e8900000, 0x00000000e8900000, 0x00000000e8a00000|  0%| F|  |TAMS 0x00000000e8900000| PB 0x00000000e8900000| Untracked 
| 138|0x00000000e8a00000, 0x00000000e8a00000, 0x00000000e8b00000|  0%| F|  |TAMS 0x00000000e8a00000| PB 0x00000000e8a00000| Untracked 
| 139|0x00000000e8b00000, 0x00000000e8b00000, 0x00000000e8c00000|  0%| F|  |TAMS 0x00000000e8b00000| PB 0x00000000e8b00000| Untracked 
| 140|0x00000000e8c00000, 0x00000000e8c00000, 0x00000000e8d00000|  0%| F|  |TAMS 0x00000000e8c00000| PB 0x00000000e8c00000| Untracked 
| 141|0x00000000e8d00000, 0x00000000e8d00000, 0x00000000e8e00000|  0%| F|  |TAMS 0x00000000e8d00000| PB 0x00000000e8d00000| Untracked 
| 142|0x00000000e8e00000, 0x00000000e8e00000, 0x00000000e8f00000|  0%| F|  |TAMS 0x00000000e8e00000| PB 0x00000000e8e00000| Untracked 
| 143|0x00000000e8f00000, 0x00000000e8f00000, 0x00000000e9000000|  0%| F|  |TAMS 0x00000000e8f00000| PB 0x00000000e8f00000| Untracked 
| 144|0x00000000e9000000, 0x00000000e9000000, 0x00000000e9100000|  0%| F|  |TAMS 0x00000000e9000000| PB 0x00000000e9000000| Untracked 
| 145|0x00000000e9100000, 0x00000000e9100000, 0x00000000e9200000|  0%| F|  |TAMS 0x00000000e9100000| PB 0x00000000e9100000| Untracked 
| 146|0x00000000e9200000, 0x00000000e9200000, 0x00000000e9300000|  0%| F|  |TAMS 0x00000000e9200000| PB 0x00000000e9200000| Untracked 
| 147|0x00000000e9300000, 0x00000000e9300000, 0x00000000e9400000|  0%| F|  |TAMS 0x00000000e9300000| PB 0x00000000e9300000| Untracked 
| 148|0x00000000e9400000, 0x00000000e9400000, 0x00000000e9500000|  0%| F|  |TAMS 0x00000000e9400000| PB 0x00000000e9400000| Untracked 
| 149|0x00000000e9500000, 0x00000000e9500000, 0x00000000e9600000|  0%| F|  |TAMS 0x00000000e9500000| PB 0x00000000e9500000| Untracked 
| 150|0x00000000e9600000, 0x00000000e9600000, 0x00000000e9700000|  0%| F|  |TAMS 0x00000000e9600000| PB 0x00000000e9600000| Untracked 
| 151|0x00000000e9700000, 0x00000000e9700000, 0x00000000e9800000|  0%| F|  |TAMS 0x00000000e9700000| PB 0x00000000e9700000| Untracked 
| 152|0x00000000e9800000, 0x00000000e9800000, 0x00000000e9900000|  0%| F|  |TAMS 0x00000000e9800000| PB 0x00000000e9800000| Untracked 
| 153|0x00000000e9900000, 0x00000000e9900000, 0x00000000e9a00000|  0%| F|  |TAMS 0x00000000e9900000| PB 0x00000000e9900000| Untracked 
| 154|0x00000000e9a00000, 0x00000000e9a00000, 0x00000000e9b00000|  0%| F|  |TAMS 0x00000000e9a00000| PB 0x00000000e9a00000| Untracked 
| 155|0x00000000e9b00000, 0x00000000e9b00000, 0x00000000e9c00000|  0%| F|  |TAMS 0x00000000e9b00000| PB 0x00000000e9b00000| Untracked 
| 156|0x00000000e9c00000, 0x00000000e9c00000, 0x00000000e9d00000|  0%| F|  |TAMS 0x00000000e9c00000| PB 0x00000000e9c00000| Untracked 
| 157|0x00000000e9d00000, 0x00000000e9d00000, 0x00000000e9e00000|  0%| F|  |TAMS 0x00000000e9d00000| PB 0x00000000e9d00000| Untracked 
| 158|0x00000000e9e00000, 0x00000000e9e00000, 0x00000000e9f00000|  0%| F|  |TAMS 0x00000000e9e00000| PB 0x00000000e9e00000| Untracked 
| 159|0x00000000e9f00000, 0x00000000e9f00000, 0x00000000ea000000|  0%| F|  |TAMS 0x00000000e9f00000| PB 0x00000000e9f00000| Untracked 
| 160|0x00000000ea000000, 0x00000000ea000000, 0x00000000ea100000|  0%| F|  |TAMS 0x00000000ea000000| PB 0x00000000ea000000| Untracked 
| 161|0x00000000ea100000, 0x00000000ea100000, 0x00000000ea200000|  0%| F|  |TAMS 0x00000000ea100000| PB 0x00000000ea100000| Untracked 
| 162|0x00000000ea200000, 0x00000000ea200000, 0x00000000ea300000|  0%| F|  |TAMS 0x00000000ea200000| PB 0x00000000ea200000| Untracked 
| 163|0x00000000ea300000, 0x00000000ea300000, 0x00000000ea400000|  0%| F|  |TAMS 0x00000000ea300000| PB 0x00000000ea300000| Untracked 
| 164|0x00000000ea400000, 0x00000000ea400000, 0x00000000ea500000|  0%| F|  |TAMS 0x00000000ea400000| PB 0x00000000ea400000| Untracked 
| 165|0x00000000ea500000, 0x00000000ea500000, 0x00000000ea600000|  0%| F|  |TAMS 0x00000000ea500000| PB 0x00000000ea500000| Untracked 
| 166|0x00000000ea600000, 0x00000000ea600000, 0x00000000ea700000|  0%| F|  |TAMS 0x00000000ea600000| PB 0x00000000ea600000| Untracked 
| 167|0x00000000ea700000, 0x00000000ea700000, 0x00000000ea800000|  0%| F|  |TAMS 0x00000000ea700000| PB 0x00000000ea700000| Untracked 
| 168|0x00000000ea800000, 0x00000000ea800000, 0x00000000ea900000|  0%| F|  |TAMS 0x00000000ea800000| PB 0x00000000ea800000| Untracked 
| 169|0x00000000ea900000, 0x00000000ea900000, 0x00000000eaa00000|  0%| F|  |TAMS 0x00000000ea900000| PB 0x00000000ea900000| Untracked 
| 170|0x00000000eaa00000, 0x00000000eaa00000, 0x00000000eab00000|  0%| F|  |TAMS 0x00000000eaa00000| PB 0x00000000eaa00000| Untracked 
| 171|0x00000000eab00000, 0x00000000eab00000, 0x00000000eac00000|  0%| F|  |TAMS 0x00000000eab00000| PB 0x00000000eab00000| Untracked 
| 172|0x00000000eac00000, 0x00000000eac00000, 0x00000000ead00000|  0%| F|  |TAMS 0x00000000eac00000| PB 0x00000000eac00000| Untracked 
| 173|0x00000000ead00000, 0x00000000ead00000, 0x00000000eae00000|  0%| F|  |TAMS 0x00000000ead00000| PB 0x00000000ead00000| Untracked 
| 174|0x00000000eae00000, 0x00000000eae00000, 0x00000000eaf00000|  0%| F|  |TAMS 0x00000000eae00000| PB 0x00000000eae00000| Untracked 
| 175|0x00000000eaf00000, 0x00000000eaf00000, 0x00000000eb000000|  0%| F|  |TAMS 0x00000000eaf00000| PB 0x00000000eaf00000| Untracked 
| 176|0x00000000eb000000, 0x00000000eb000000, 0x00000000eb100000|  0%| F|  |TAMS 0x00000000eb000000| PB 0x00000000eb000000| Untracked 
| 177|0x00000000eb100000, 0x00000000eb200000, 0x00000000eb200000|100%| E|  |TAMS 0x00000000eb100000| PB 0x00000000eb100000| Complete 
| 178|0x00000000eb200000, 0x00000000eb300000, 0x00000000eb300000|100%| E|CS|TAMS 0x00000000eb200000| PB 0x00000000eb200000| Complete 
| 179|0x00000000eb300000, 0x00000000eb400000, 0x00000000eb400000|100%| E|CS|TAMS 0x00000000eb300000| PB 0x00000000eb300000| Complete 
| 180|0x00000000eb400000, 0x00000000eb500000, 0x00000000eb500000|100%| E|CS|TAMS 0x00000000eb400000| PB 0x00000000eb400000| Complete 
| 181|0x00000000eb500000, 0x00000000eb600000, 0x00000000eb600000|100%| E|CS|TAMS 0x00000000eb500000| PB 0x00000000eb500000| Complete 
| 182|0x00000000eb600000, 0x00000000eb700000, 0x00000000eb700000|100%| E|CS|TAMS 0x00000000eb600000| PB 0x00000000eb600000| Complete 
| 183|0x00000000eb700000, 0x00000000eb800000, 0x00000000eb800000|100%| E|CS|TAMS 0x00000000eb700000| PB 0x00000000eb700000| Complete 
| 184|0x00000000eb800000, 0x00000000eb900000, 0x00000000eb900000|100%| E|CS|TAMS 0x00000000eb800000| PB 0x00000000eb800000| Complete 
| 185|0x00000000eb900000, 0x00000000eba00000, 0x00000000eba00000|100%| E|CS|TAMS 0x00000000eb900000| PB 0x00000000eb900000| Complete 
| 186|0x00000000eba00000, 0x00000000ebb00000, 0x00000000ebb00000|100%| E|CS|TAMS 0x00000000eba00000| PB 0x00000000eba00000| Complete 
| 187|0x00000000ebb00000, 0x00000000ebc00000, 0x00000000ebc00000|100%| E|CS|TAMS 0x00000000ebb00000| PB 0x00000000ebb00000| Complete 
| 188|0x00000000ebc00000, 0x00000000ebd00000, 0x00000000ebd00000|100%| E|CS|TAMS 0x00000000ebc00000| PB 0x00000000ebc00000| Complete 
| 189|0x00000000ebd00000, 0x00000000ebe00000, 0x00000000ebe00000|100%| E|CS|TAMS 0x00000000ebd00000| PB 0x00000000ebd00000| Complete 
| 190|0x00000000ebe00000, 0x00000000ebf00000, 0x00000000ebf00000|100%| E|CS|TAMS 0x00000000ebe00000| PB 0x00000000ebe00000| Complete 
| 191|0x00000000ebf00000, 0x00000000ec000000, 0x00000000ec000000|100%| E|CS|TAMS 0x00000000ebf00000| PB 0x00000000ebf00000| Complete 
| 192|0x00000000ec000000, 0x00000000ec100000, 0x00000000ec100000|100%| E|CS|TAMS 0x00000000ec000000| PB 0x00000000ec000000| Complete 
| 193|0x00000000ec100000, 0x00000000ec200000, 0x00000000ec200000|100%| E|CS|TAMS 0x00000000ec100000| PB 0x00000000ec100000| Complete 
| 194|0x00000000ec200000, 0x00000000ec300000, 0x00000000ec300000|100%| E|CS|TAMS 0x00000000ec200000| PB 0x00000000ec200000| Complete 
| 195|0x00000000ec300000, 0x00000000ec400000, 0x00000000ec400000|100%| E|CS|TAMS 0x00000000ec300000| PB 0x00000000ec300000| Complete 
| 196|0x00000000ec400000, 0x00000000ec500000, 0x00000000ec500000|100%| E|CS|TAMS 0x00000000ec400000| PB 0x00000000ec400000| Complete 
| 197|0x00000000ec500000, 0x00000000ec600000, 0x00000000ec600000|100%| E|CS|TAMS 0x00000000ec500000| PB 0x00000000ec500000| Complete 
| 198|0x00000000ec600000, 0x00000000ec700000, 0x00000000ec700000|100%| E|CS|TAMS 0x00000000ec600000| PB 0x00000000ec600000| Complete 
| 199|0x00000000ec700000, 0x00000000ec800000, 0x00000000ec800000|100%| E|CS|TAMS 0x00000000ec700000| PB 0x00000000ec700000| Complete 
| 200|0x00000000ec800000, 0x00000000ec900000, 0x00000000ec900000|100%| E|CS|TAMS 0x00000000ec800000| PB 0x00000000ec800000| Complete 
| 201|0x00000000ec900000, 0x00000000eca00000, 0x00000000eca00000|100%| E|CS|TAMS 0x00000000ec900000| PB 0x00000000ec900000| Complete 
| 202|0x00000000eca00000, 0x00000000ecb00000, 0x00000000ecb00000|100%| E|CS|TAMS 0x00000000eca00000| PB 0x00000000eca00000| Complete 
| 203|0x00000000ecb00000, 0x00000000ecc00000, 0x00000000ecc00000|100%| E|CS|TAMS 0x00000000ecb00000| PB 0x00000000ecb00000| Complete 
| 204|0x00000000ecc00000, 0x00000000ecd00000, 0x00000000ecd00000|100%| E|CS|TAMS 0x00000000ecc00000| PB 0x00000000ecc00000| Complete 
| 205|0x00000000ecd00000, 0x00000000ece00000, 0x00000000ece00000|100%| E|CS|TAMS 0x00000000ecd00000| PB 0x00000000ecd00000| Complete 
| 206|0x00000000ece00000, 0x00000000ecf00000, 0x00000000ecf00000|100%| E|CS|TAMS 0x00000000ece00000| PB 0x00000000ece00000| Complete 
| 207|0x00000000ecf00000, 0x00000000ed000000, 0x00000000ed000000|100%| E|CS|TAMS 0x00000000ecf00000| PB 0x00000000ecf00000| Complete 
| 208|0x00000000ed000000, 0x00000000ed100000, 0x00000000ed100000|100%| E|CS|TAMS 0x00000000ed000000| PB 0x00000000ed000000| Complete 
| 209|0x00000000ed100000, 0x00000000ed200000, 0x00000000ed200000|100%| E|CS|TAMS 0x00000000ed100000| PB 0x00000000ed100000| Complete 
| 210|0x00000000ed200000, 0x00000000ed300000, 0x00000000ed300000|100%| E|CS|TAMS 0x00000000ed200000| PB 0x00000000ed200000| Complete 
| 211|0x00000000ed300000, 0x00000000ed400000, 0x00000000ed400000|100%| E|CS|TAMS 0x00000000ed300000| PB 0x00000000ed300000| Complete 
| 212|0x00000000ed400000, 0x00000000ed500000, 0x00000000ed500000|100%| E|CS|TAMS 0x00000000ed400000| PB 0x00000000ed400000| Complete 
| 213|0x00000000ed500000, 0x00000000ed600000, 0x00000000ed600000|100%| E|CS|TAMS 0x00000000ed500000| PB 0x00000000ed500000| Complete 
| 214|0x00000000ed600000, 0x00000000ed700000, 0x00000000ed700000|100%| E|CS|TAMS 0x00000000ed600000| PB 0x00000000ed600000| Complete 
| 215|0x00000000ed700000, 0x00000000ed800000, 0x00000000ed800000|100%| E|CS|TAMS 0x00000000ed700000| PB 0x00000000ed700000| Complete 
| 216|0x00000000ed800000, 0x00000000ed900000, 0x00000000ed900000|100%| E|CS|TAMS 0x00000000ed800000| PB 0x00000000ed800000| Complete 
| 217|0x00000000ed900000, 0x00000000eda00000, 0x00000000eda00000|100%| E|CS|TAMS 0x00000000ed900000| PB 0x00000000ed900000| Complete 
| 218|0x00000000eda00000, 0x00000000edb00000, 0x00000000edb00000|100%| E|CS|TAMS 0x00000000eda00000| PB 0x00000000eda00000| Complete 
| 219|0x00000000edb00000, 0x00000000edc00000, 0x00000000edc00000|100%| E|CS|TAMS 0x00000000edb00000| PB 0x00000000edb00000| Complete 
| 220|0x00000000edc00000, 0x00000000edd00000, 0x00000000edd00000|100%| E|CS|TAMS 0x00000000edc00000| PB 0x00000000edc00000| Complete 
| 221|0x00000000edd00000, 0x00000000ede00000, 0x00000000ede00000|100%| E|CS|TAMS 0x00000000edd00000| PB 0x00000000edd00000| Complete 
| 222|0x00000000ede00000, 0x00000000edf00000, 0x00000000edf00000|100%| E|CS|TAMS 0x00000000ede00000| PB 0x00000000ede00000| Complete 
| 223|0x00000000edf00000, 0x00000000edf36a20, 0x00000000ee000000| 21%| S|CS|TAMS 0x00000000edf00000| PB 0x00000000edf00000| Complete 
| 224|0x00000000ee000000, 0x00000000ee100000, 0x00000000ee100000|100%| S|CS|TAMS 0x00000000ee000000| PB 0x00000000ee000000| Complete 
| 225|0x00000000ee100000, 0x00000000ee200000, 0x00000000ee200000|100%| S|CS|TAMS 0x00000000ee100000| PB 0x00000000ee100000| Complete 
| 226|0x00000000ee200000, 0x00000000ee300000, 0x00000000ee300000|100%| E|CS|TAMS 0x00000000ee200000| PB 0x00000000ee200000| Complete 
| 227|0x00000000ee300000, 0x00000000ee400000, 0x00000000ee400000|100%| E|CS|TAMS 0x00000000ee300000| PB 0x00000000ee300000| Complete 
| 228|0x00000000ee400000, 0x00000000ee500000, 0x00000000ee500000|100%| E|CS|TAMS 0x00000000ee400000| PB 0x00000000ee400000| Complete 
| 229|0x00000000ee500000, 0x00000000ee600000, 0x00000000ee600000|100%| E|CS|TAMS 0x00000000ee500000| PB 0x00000000ee500000| Complete 
| 230|0x00000000ee600000, 0x00000000ee700000, 0x00000000ee700000|100%| E|CS|TAMS 0x00000000ee600000| PB 0x00000000ee600000| Complete 
| 231|0x00000000ee700000, 0x00000000ee800000, 0x00000000ee800000|100%| E|CS|TAMS 0x00000000ee700000| PB 0x00000000ee700000| Complete 
| 232|0x00000000ee800000, 0x00000000ee900000, 0x00000000ee900000|100%| E|CS|TAMS 0x00000000ee800000| PB 0x00000000ee800000| Complete 
| 233|0x00000000ee900000, 0x00000000eea00000, 0x00000000eea00000|100%| E|CS|TAMS 0x00000000ee900000| PB 0x00000000ee900000| Complete 
| 234|0x00000000eea00000, 0x00000000eeb00000, 0x00000000eeb00000|100%| E|CS|TAMS 0x00000000eea00000| PB 0x00000000eea00000| Complete 
| 235|0x00000000eeb00000, 0x00000000eec00000, 0x00000000eec00000|100%| E|CS|TAMS 0x00000000eeb00000| PB 0x00000000eeb00000| Complete 
| 236|0x00000000eec00000, 0x00000000eed00000, 0x00000000eed00000|100%| E|CS|TAMS 0x00000000eec00000| PB 0x00000000eec00000| Complete 
| 237|0x00000000eed00000, 0x00000000eee00000, 0x00000000eee00000|100%| E|CS|TAMS 0x00000000eed00000| PB 0x00000000eed00000| Complete 
| 238|0x00000000eee00000, 0x00000000eef00000, 0x00000000eef00000|100%| E|CS|TAMS 0x00000000eee00000| PB 0x00000000eee00000| Complete 
| 239|0x00000000eef00000, 0x00000000ef000000, 0x00000000ef000000|100%| E|CS|TAMS 0x00000000eef00000| PB 0x00000000eef00000| Complete 
| 240|0x00000000ef000000, 0x00000000ef100000, 0x00000000ef100000|100%| E|CS|TAMS 0x00000000ef000000| PB 0x00000000ef000000| Complete 
| 241|0x00000000ef100000, 0x00000000ef200000, 0x00000000ef200000|100%| E|CS|TAMS 0x00000000ef100000| PB 0x00000000ef100000| Complete 
| 242|0x00000000ef200000, 0x00000000ef300000, 0x00000000ef300000|100%| E|CS|TAMS 0x00000000ef200000| PB 0x00000000ef200000| Complete 
| 243|0x00000000ef300000, 0x00000000ef400000, 0x00000000ef400000|100%| E|CS|TAMS 0x00000000ef300000| PB 0x00000000ef300000| Complete 
| 244|0x00000000ef400000, 0x00000000ef500000, 0x00000000ef500000|100%| E|CS|TAMS 0x00000000ef400000| PB 0x00000000ef400000| Complete 
| 245|0x00000000ef500000, 0x00000000ef600000, 0x00000000ef600000|100%| E|CS|TAMS 0x00000000ef500000| PB 0x00000000ef500000| Complete 
| 246|0x00000000ef600000, 0x00000000ef700000, 0x00000000ef700000|100%| E|CS|TAMS 0x00000000ef600000| PB 0x00000000ef600000| Complete 
| 247|0x00000000ef700000, 0x00000000ef800000, 0x00000000ef800000|100%| E|CS|TAMS 0x00000000ef700000| PB 0x00000000ef700000| Complete 
| 248|0x00000000ef800000, 0x00000000ef900000, 0x00000000ef900000|100%| E|CS|TAMS 0x00000000ef800000| PB 0x00000000ef800000| Complete 
| 249|0x00000000ef900000, 0x00000000efa00000, 0x00000000efa00000|100%| E|CS|TAMS 0x00000000ef900000| PB 0x00000000ef900000| Complete 
| 250|0x00000000efa00000, 0x00000000efb00000, 0x00000000efb00000|100%| E|CS|TAMS 0x00000000efa00000| PB 0x00000000efa00000| Complete 
| 251|0x00000000efb00000, 0x00000000efc00000, 0x00000000efc00000|100%| E|CS|TAMS 0x00000000efb00000| PB 0x00000000efb00000| Complete 
| 252|0x00000000efc00000, 0x00000000efd00000, 0x00000000efd00000|100%| E|CS|TAMS 0x00000000efc00000| PB 0x00000000efc00000| Complete 
| 253|0x00000000efd00000, 0x00000000efe00000, 0x00000000efe00000|100%| E|CS|TAMS 0x00000000efd00000| PB 0x00000000efd00000| Complete 
| 254|0x00000000efe00000, 0x00000000eff00000, 0x00000000eff00000|100%| E|CS|TAMS 0x00000000efe00000| PB 0x00000000efe00000| Complete 
| 255|0x00000000eff00000, 0x00000000f0000000, 0x00000000f0000000|100%| E|CS|TAMS 0x00000000eff00000| PB 0x00000000eff00000| Complete 

Card table byte_map: [0x0000026322480000,0x0000026322580000] _byte_map_base: 0x0000026321d80000

Marking Bits: (CMBitMap*) 0x000002630fe67e90
 Bits: [0x0000026322580000, 0x0000026322d80000)

Polling page: 0x000002630ddf0000

Metaspace:

Usage:
  Non-class:     12.32 MB used.
      Class:      1.87 MB used.
       Both:     14.19 MB used.

Virtual space:
  Non-class space:       64.00 MB reserved,      12.50 MB ( 20%) committed,  1 nodes.
      Class space:      320.00 MB reserved,       2.06 MB ( <1%) committed,  1 nodes.
             Both:      384.00 MB reserved,      14.56 MB (  4%) committed. 

Chunk freelists:
   Non-Class:  2.86 MB
       Class:  13.75 MB
        Both:  16.61 MB

MaxMetaspaceSize: 384.00 MB
CompressedClassSpaceSize: 320.00 MB
Initial GC threshold: 21.00 MB
Current GC threshold: 21.00 MB
CDS: on
 - commit_granule_bytes: 65536.
 - commit_granule_words: 8192.
 - virtual_space_node_default_size: 8388608.
 - enlarge_chunks_in_place: 1.
 - use_allocation_guard: 0.


Internal statistics:

num_allocs_failed_limit: 0.
num_arena_births: 436.
num_arena_deaths: 0.
num_vsnodes_births: 2.
num_vsnodes_deaths: 0.
num_space_committed: 233.
num_space_uncommitted: 0.
num_chunks_returned_to_freelist: 0.
num_chunks_taken_from_freelist: 895.
num_chunk_merges: 0.
num_chunk_splits: 587.
num_chunks_enlarged: 405.
num_inconsistent_stats: 0.

CodeHeap 'non-profiled nmethods': size=120000Kb used=1237Kb max_used=1237Kb free=118763Kb
 bounds [0x000002631ab10000, 0x000002631ad80000, 0x0000026322040000]
CodeHeap 'profiled nmethods': size=120000Kb used=5540Kb max_used=5540Kb free=114459Kb
 bounds [0x0000026313040000, 0x00000263135b0000, 0x000002631a570000]
CodeHeap 'non-nmethods': size=5760Kb used=1394Kb max_used=1439Kb free=4365Kb
 bounds [0x000002631a570000, 0x000002631a7e0000, 0x000002631ab10000]
CodeCache: size=245760Kb, used=8171Kb, max_used=8216Kb, free=237587Kb
 total_blobs=3414, nmethods=2862, adapters=456, full_count=0
Compilation: enabled, stopped_count=0, restarted_count=0

Compilation events (20 events):
Event: 76.111 Thread 0x0000026325803990 nmethod 2879 0x00000263135a3d90 code [0x00000263135a3f60, 0x00000263135a4408]
Event: 76.112 Thread 0x0000026325803990 2880       3       java.util.concurrent.ConcurrentHashMap::get (162 bytes)
Event: 76.113 Thread 0x0000026325803990 nmethod 2880 0x00000263135a4590 code [0x00000263135a4800, 0x00000263135a5240]
Event: 76.113 Thread 0x0000026325803990 2881       3       org.gradle.internal.reflect.PropertyAccessorType::of (99 bytes)
Event: 76.116 Thread 0x0000026325803990 nmethod 2881 0x00000263135a5510 code [0x00000263135a5840, 0x00000263135a6d28]
Event: 76.116 Thread 0x0000026325803990 2883       3       java.lang.reflect.Modifier::isAbstract (14 bytes)
Event: 76.117 Thread 0x0000026325803990 nmethod 2883 0x00000263135a7310 code [0x00000263135a74a0, 0x00000263135a75e8]
Event: 76.119 Thread 0x0000026325803990 2884       3       java.util.LinkedHashMap$LinkedValues::iterator (16 bytes)
Event: 76.120 Thread 0x0000026325803990 nmethod 2884 0x00000263135a7690 code [0x00000263135a7840, 0x00000263135a7a58]
Event: 76.120 Thread 0x0000026325803990 2885       3       java.util.LinkedHashMap$LinkedValueIterator::<init> (7 bytes)
Event: 76.120 Thread 0x0000026325803990 nmethod 2885 0x00000263135a7b90 code [0x00000263135a7d40, 0x00000263135a7e78]
Event: 76.128 Thread 0x0000026325803990 2886       2       java.util.HashMap::putVal (300 bytes)
Event: 76.130 Thread 0x0000026325803990 nmethod 2886 0x00000263135a7f10 code [0x00000263135a8180, 0x00000263135a8970]
Event: 76.130 Thread 0x0000026325803990 2887       3       java.util.Objects::hash (5 bytes)
Event: 76.130 Thread 0x0000026325803990 nmethod 2887 0x00000263135a8e10 code [0x00000263135a8fc0, 0x00000263135a90d8]
Event: 76.144 Thread 0x00000263258023c0 nmethod 2872 0x000002631ac43510 code [0x000002631ac43740, 0x000002631ac446a8]
Event: 76.145 Thread 0x00000263258023c0 2873       4       java.lang.String::equals (56 bytes)
Event: 76.147 Thread 0x00000263258023c0 nmethod 2873 0x000002631ac44d10 code [0x000002631ac44ea0, 0x000002631ac45090]
Event: 76.147 Thread 0x00000263258023c0 2874       4       java.lang.reflect.Method::getParameterCount (6 bytes)
Event: 76.148 Thread 0x00000263258023c0 nmethod 2874 0x000002631ac45110 code [0x000002631ac452a0, 0x000002631ac45348]

GC Heap History (4 events):
Event: 3.818 GC heap before
{Heap before GC invocations=0 (full 0):
 garbage-first heap   total 262144K, used 27648K [0x00000000e0000000, 0x0000000100000000)
  region size 1024K, 23 young (23552K), 0 survivors (0K)
 Metaspace       used 3018K, committed 3200K, reserved 393216K
  class space    used 366K, committed 448K, reserved 327680K
}
Event: 4.801 GC heap after
{Heap after GC invocations=1 (full 0):
 garbage-first heap   total 262144K, used 11017K [0x00000000e0000000, 0x0000000100000000)
  region size 1024K, 3 young (3072K), 3 survivors (3072K)
 Metaspace       used 3018K, committed 3200K, reserved 393216K
  class space    used 366K, committed 448K, reserved 327680K
}
Event: 7.536 GC heap before
{Heap before GC invocations=1 (full 0):
 garbage-first heap   total 262144K, used 39689K [0x00000000e0000000, 0x0000000100000000)
  region size 1024K, 30 young (30720K), 3 survivors (3072K)
 Metaspace       used 4610K, committed 4800K, reserved 393216K
  class space    used 594K, committed 704K, reserved 327680K
}
Event: 7.544 GC heap after
{Heap after GC invocations=2 (full 0):
 garbage-first heap   total 262144K, used 14378K [0x00000000e0000000, 0x0000000100000000)
  region size 1024K, 3 young (3072K), 3 survivors (3072K)
 Metaspace       used 4610K, committed 4800K, reserved 393216K
  class space    used 594K, committed 704K, reserved 327680K
}

Dll operation events (20 events):
Event: 0.779 Attempting to load shared library C:\Users\ericj\.vscode\extensions\redhat.java-1.56.0-win32-x64\jre\21.0.12.1-win32-x86_64\bin\nio.dll
Event: 0.781 Loaded shared library C:\Users\ericj\.vscode\extensions\redhat.java-1.56.0-win32-x64\jre\21.0.12.1-win32-x86_64\bin\nio.dll
Event: 0.788 Attempting to load shared library C:\Users\ericj\.vscode\extensions\redhat.java-1.56.0-win32-x64\jre\21.0.12.1-win32-x86_64\bin\zip.dll
Event: 0.788 Loaded shared library C:\Users\ericj\.vscode\extensions\redhat.java-1.56.0-win32-x64\jre\21.0.12.1-win32-x86_64\bin\zip.dll
Event: 2.011 Attempting to load shared library C:\Users\ericj\.vscode\extensions\redhat.java-1.56.0-win32-x64\jre\21.0.12.1-win32-x86_64\bin\jimage.dll
Event: 2.011 Loaded shared library C:\Users\ericj\.vscode\extensions\redhat.java-1.56.0-win32-x64\jre\21.0.12.1-win32-x86_64\bin\jimage.dll
Event: 3.325 Attempting to load shared library C:\Users\ericj\.vscode\extensions\redhat.java-1.56.0-win32-x64\jre\21.0.12.1-win32-x86_64\bin\verify.dll
Event: 3.326 Loaded shared library C:\Users\ericj\.vscode\extensions\redhat.java-1.56.0-win32-x64\jre\21.0.12.1-win32-x86_64\bin\verify.dll
Event: 3.469 Attempting to load shared library C:\Users\ericj\.gradle\native\660c5614fbf4a5f2a75b1949f50a0caf5cd603558e7d8a26e50b933a0cfb79d1\windows-amd64\native-platform.dll
Event: 3.471 Loaded shared library C:\Users\ericj\.gradle\native\660c5614fbf4a5f2a75b1949f50a0caf5cd603558e7d8a26e50b933a0cfb79d1\windows-amd64\native-platform.dll
Event: 3.504 Attempting to load shared library C:\Users\ericj\.gradle\native\0.2.8\x86_64-windows-gnu\gradle-fileevents.dll
Event: 3.505 Loaded shared library C:\Users\ericj\.gradle\native\0.2.8\x86_64-windows-gnu\gradle-fileevents.dll
Event: 10.335 Attempting to load shared library C:\Users\ericj\.vscode\extensions\redhat.java-1.56.0-win32-x64\jre\21.0.12.1-win32-x86_64\bin\management.dll
Event: 10.338 Loaded shared library C:\Users\ericj\.vscode\extensions\redhat.java-1.56.0-win32-x64\jre\21.0.12.1-win32-x86_64\bin\management.dll
Event: 10.343 Attempting to load shared library C:\Users\ericj\.vscode\extensions\redhat.java-1.56.0-win32-x64\jre\21.0.12.1-win32-x86_64\bin\management_ext.dll
Event: 10.346 Loaded shared library C:\Users\ericj\.vscode\extensions\redhat.java-1.56.0-win32-x64\jre\21.0.12.1-win32-x86_64\bin\management_ext.dll
Event: 11.907 Attempting to load shared library C:\Users\ericj\.vscode\extensions\redhat.java-1.56.0-win32-x64\jre\21.0.12.1-win32-x86_64\bin\extnet.dll
Event: 11.933 Loaded shared library C:\Users\ericj\.vscode\extensions\redhat.java-1.56.0-win32-x64\jre\21.0.12.1-win32-x86_64\bin\extnet.dll
Event: 54.774 Attempting to load shared library C:\Users\ericj\.vscode\extensions\redhat.java-1.56.0-win32-x64\jre\21.0.12.1-win32-x86_64\bin\sunmscapi.dll
Event: 54.830 Loaded shared library C:\Users\ericj\.vscode\extensions\redhat.java-1.56.0-win32-x64\jre\21.0.12.1-win32-x86_64\bin\sunmscapi.dll

Deoptimization events (20 events):
Event: 76.080 Thread 0x00000263258347d0 Uncommon trap: trap_request=0xffffffde fr.pc=0x000002631ac178d0 relative=0x0000000000000810
Event: 76.080 Thread 0x00000263258347d0 Uncommon trap: reason=class_check action=maybe_recompile pc=0x000002631ac178d0 method=java.util.HashMap.putVal(ILjava/lang/Object;Ljava/lang/Object;ZZ)Ljava/lang/Object; @ 91 c2
Event: 76.080 Thread 0x00000263258347d0 DEOPT PACKING pc=0x000002631ac178d0 sp=0x00000063a81fc460
Event: 76.080 Thread 0x00000263258347d0 DEOPT UNPACKING pc=0x000002631a5c4422 sp=0x00000063a81fc3f0 mode 2
Event: 76.080 Thread 0x00000263258347d0 Uncommon trap: trap_request=0xffffff45 fr.pc=0x000002631ab83168 relative=0x0000000000000208
Event: 76.080 Thread 0x00000263258347d0 Uncommon trap: reason=unstable_if action=reinterpret pc=0x000002631ab83168 method=java.util.HashMap.getNode(Ljava/lang/Object;)Ljava/util/HashMap$Node; @ 66 c2
Event: 76.080 Thread 0x00000263258347d0 DEOPT PACKING pc=0x000002631ab83168 sp=0x00000063a81fc490
Event: 76.080 Thread 0x00000263258347d0 DEOPT UNPACKING pc=0x000002631a5c4422 sp=0x00000063a81fc410 mode 2
Event: 76.080 Thread 0x00000263258347d0 Uncommon trap: trap_request=0xffffffde fr.pc=0x000002631ac178d0 relative=0x0000000000000810
Event: 76.080 Thread 0x00000263258347d0 Uncommon trap: reason=class_check action=maybe_recompile pc=0x000002631ac178d0 method=java.util.HashMap.putVal(ILjava/lang/Object;Ljava/lang/Object;ZZ)Ljava/lang/Object; @ 91 c2
Event: 76.080 Thread 0x00000263258347d0 DEOPT PACKING pc=0x000002631ac178d0 sp=0x00000063a81fc460
Event: 76.080 Thread 0x00000263258347d0 DEOPT UNPACKING pc=0x000002631a5c4422 sp=0x00000063a81fc3f0 mode 2
Event: 76.106 Thread 0x00000263258347d0 Uncommon trap: trap_request=0xffffff45 fr.pc=0x000002631ab87190 relative=0x00000000000002d0
Event: 76.106 Thread 0x00000263258347d0 Uncommon trap: reason=unstable_if action=reinterpret pc=0x000002631ab87190 method=java.util.concurrent.ConcurrentHashMap.get(Ljava/lang/Object;)Ljava/lang/Object; @ 152 c2
Event: 76.106 Thread 0x00000263258347d0 DEOPT PACKING pc=0x000002631ab87190 sp=0x00000063a81fba90
Event: 76.106 Thread 0x00000263258347d0 DEOPT UNPACKING pc=0x000002631a5c4422 sp=0x00000063a81fb9f8 mode 2
Event: 76.223 Thread 0x00000263258347d0 Uncommon trap: trap_request=0xffffffcc fr.pc=0x000002631ac42534 relative=0x0000000000000374
Event: 76.223 Thread 0x00000263258347d0 Uncommon trap: reason=intrinsic_or_type_checked_inlining action=make_not_entrant pc=0x000002631ac42534 method=java.util.Arrays.copyOf([Ljava/lang/Object;ILjava/lang/Class;)[Ljava/lang/Object; @ 35 c2
Event: 76.223 Thread 0x00000263258347d0 DEOPT PACKING pc=0x000002631ac42534 sp=0x00000063a81fc750
Event: 76.223 Thread 0x00000263258347d0 DEOPT UNPACKING pc=0x000002631a5c4422 sp=0x00000063a81fc6e0 mode 2

Classes loaded (20 events):
Event: 76.074 Loading class java/beans/Introspector
Event: 76.077 Loading class java/beans/Introspector done
Event: 76.077 Loading class java/beans/EventSetDescriptor
Event: 76.078 Loading class java/beans/FeatureDescriptor
Event: 76.078 Loading class java/beans/FeatureDescriptor done
Event: 76.078 Loading class java/beans/EventSetDescriptor done
Event: 76.078 Loading class java/beans/Introspector$1
Event: 76.078 Loading class jdk/internal/access/JavaBeansAccess
Event: 76.078 Loading class jdk/internal/access/JavaBeansAccess done
Event: 76.078 Loading class java/beans/Introspector$1 done
Event: 76.093 Loading class sun/reflect/generics/tree/BottomSignature
Event: 76.093 Loading class sun/reflect/generics/tree/BottomSignature done
Event: 76.093 Loading class sun/reflect/generics/tree/Wildcard
Event: 76.094 Loading class sun/reflect/generics/tree/Wildcard done
Event: 76.094 Loading class sun/reflect/generics/reflectiveObjects/WildcardTypeImpl
Event: 76.094 Loading class sun/reflect/generics/reflectiveObjects/WildcardTypeImpl done
Event: 76.105 Loading class jdk/internal/vm/annotation/IntrinsicCandidate
Event: 76.106 Loading class jdk/internal/vm/annotation/IntrinsicCandidate done
Event: 76.181 Loading class java/lang/TypeNotPresentException
Event: 76.181 Loading class java/lang/TypeNotPresentException done

Classes unloaded (0 events):
No events

Classes redefined (0 events):
No events

Internal exceptions (20 events):
Event: 25.424 Thread 0x000002633fb11450 Implicit null exception at 0x000002631ab755a0 to 0x000002631ab75c3c
Event: 66.502 Thread 0x00000263258347d0 Exception <a 'java/lang/NoSuchMethodError'{0x00000000ec98bc40}: 'void java.lang.invoke.DirectMethodHandle$Holder.invokeStatic(java.lang.Object, java.lang.Object)'> (0x00000000ec98bc40) 
thrown [s\src\hotspot\share\interpreter\linkResolver.cpp, line 773]
Event: 66.520 Thread 0x00000263258347d0 Exception <a 'java/lang/NoSuchMethodError'{0x00000000ec99a530}: 'void java.lang.invoke.DirectMethodHandle$Holder.invokeStatic(java.lang.Object, int, java.lang.Object)'> (0x00000000ec99a530) 
thrown [s\src\hotspot\share\interpreter\linkResolver.cpp, line 773]
Event: 68.500 Thread 0x000002633fd1b190 Exception <a 'java/lang/NoSuchMethodError'{0x00000000ec826610}: 'long java.lang.invoke.DirectMethodHandle$Holder.invokeSpecial(java.lang.Object, java.lang.Object)'> (0x00000000ec826610) 
thrown [s\src\hotspot\share\interpreter\linkResolver.cpp, line 773]
Event: 69.025 Thread 0x000002633fd1b190 Exception <a 'java/lang/NoSuchMethodError'{0x00000000ec829fa8}: 'long java.lang.invoke.Invokers$Holder.invokeExact_MT(java.lang.Object, java.lang.Object)'> (0x00000000ec829fa8) 
thrown [s\src\hotspot\share\interpreter\linkResolver.cpp, line 773]
Event: 69.238 Thread 0x000002633fd1b190 Exception <a 'java/lang/NoSuchMethodError'{0x00000000ec88f1e8}: static Lorg/gradle/internal/exceptions/LocationAwareException;.<clinit>()V> (0x00000000ec88f1e8) 
thrown [s\src\hotspot\share\prims\jni.cpp, line 1111]
Event: 69.260 Thread 0x000002633fd1b190 Exception <a 'java/lang/NoSuchMethodError'{0x00000000ec894418}: static Lorg/gradle/internal/exceptions/ContextAwareException;.<clinit>()V> (0x00000000ec894418) 
thrown [s\src\hotspot\share\prims\jni.cpp, line 1111]
Event: 69.260 Thread 0x000002633fd1b190 Exception <a 'java/lang/NoSuchMethodError'{0x00000000ec895268}: static Lorg/gradle/api/GradleException;.<clinit>()V> (0x00000000ec895268) 
thrown [s\src\hotspot\share\prims\jni.cpp, line 1111]
Event: 71.069 Thread 0x000002633fd1b190 Exception <a 'java/lang/NoSuchMethodError'{0x00000000ec8b4f38}: static [Ljava/lang/StackTraceElement;.<clinit>()V> (0x00000000ec8b4f38) 
thrown [s\src\hotspot\share\prims\jni.cpp, line 1111]
Event: 74.352 Thread 0x000002633f8d4340 Exception <a 'java/io/IOException'{0x00000000ec29d788}> (0x00000000ec29d788) 
thrown [s\src\hotspot\share\prims\jni.cpp, line 520]
Event: 74.390 Thread 0x000002633facee40 Exception <a 'java/io/IOException'{0x00000000ec41d788}> (0x00000000ec41d788) 
thrown [s\src\hotspot\share\prims\jni.cpp, line 520]
Event: 74.400 Thread 0x000002633faccd70 Exception <a 'sun/net/ConnectionResetException'{0x00000000ec61d6f0}: Connection reset> (0x00000000ec61d6f0) 
thrown [s\src\hotspot\share\prims\jni.cpp, line 539]
Event: 74.614 Thread 0x000002633f8d2f90 Exception <a 'sun/net/ConnectionResetException'{0x00000000ebd1a6a8}: Connection reset> (0x00000000ebd1a6a8) 
thrown [s\src\hotspot\share\prims\jni.cpp, line 539]
Event: 74.628 Thread 0x000002633f8cedf0 Exception <a 'sun/net/ConnectionResetException'{0x00000000ebd9a6a8}: Connection reset> (0x00000000ebd9a6a8) 
thrown [s\src\hotspot\share\prims\jni.cpp, line 539]
Event: 75.545 Thread 0x00000263258347d0 Exception <a 'java/lang/NoSuchMethodError'{0x00000000ebae9608}: 'java.lang.Object java.lang.invoke.DirectMethodHandle$Holder.invokeVirtual(java.lang.Object, java.lang.Object, java.lang.Object, java.lang.Object, java.lang.Object, java.lang.Object, java.lang.Object)'> (0x00000000ebae9608) 
thrown [s\src\hotspot\share\interpreter\linkResolver.cpp, line 773]
Event: 75.592 Thread 0x00000263258347d0 Exception <a 'java/lang/NoSuchMethodError'{0x00000000eb986580}: 'long java.lang.invoke.DirectMethodHandle$Holder.invokeInterface(java.lang.Object, java.lang.Object)'> (0x00000000eb986580) 
thrown [s\src\hotspot\share\interpreter\linkResolver.cpp, line 773]
Event: 75.959 Thread 0x00000263258347d0 Exception <a 'java/lang/NoSuchMethodError'{0x00000000eb58abc8}: 'java.lang.Object java.lang.invoke.DirectMethodHandle$Holder.invokeVirtual(java.lang.Object, java.lang.Object, java.lang.Object, java.lang.Object, java.lang.Object, java.lang.Object, java.lang.Object, java.lang.Object, java.lang.Object, java.lang.Object, java.lang.Object, java.lang.Object)'> (0x00000000eb58abc8) 
thrown [s\src\hotspot\share\interpreter\linkResolver.cpp, line 773]
Event: 75.960 Thread 0x00000263258347d0 Exception <a 'java/lang/NoSuchMethodError'{0x00000000eb58fbf0}: 'java.lang.Object java.lang.invoke.DirectMethodHandle$Holder.invokeSpecial(java.lang.Object, java.lang.Object, java.lang.Object, java.lang.Object, java.lang.Object, java.lang.Object, java.lang.Object, java.lang.Object, java.lang.Object, java.lang.Object, java.lang.Object, java.lang.Object, java.lang.Object)'> (0x00000000eb58fbf0) 
thrown [s\src\hotspot\share\interpreter\linkResolver.cpp, line 773]
Event: 76.057 Thread 0x00000263258347d0 Exception <a 'java/lang/NoSuchMethodError'{0x00000000eb321778}: 'void java.lang.invoke.DirectMethodHandle$Holder.invokeStatic(java.lang.Object, java.lang.Object, java.lang.Object, java.lang.Object)'> (0x00000000eb321778) 
thrown [s\src\hotspot\share\interpreter\linkResolver.cpp, line 773]
Event: 76.114 Thread 0x00000263258347d0 Exception <a 'java/lang/NoSuchMethodError'{0x00000000eb3cfd68}: 'int java.lang.invoke.DirectMethodHandle$Holder.invokeVirtual(java.lang.Object, java.lang.Object, java.lang.Object)'> (0x00000000eb3cfd68) 
thrown [s\src\hotspot\share\interpreter\linkResolver.cpp, line 773]

ZGC Phase Switch (0 events):
No events

VM Operations (20 events):
Event: 66.473 Executing non-safepoint VM operation: HandshakeAllThreads (Deoptimize)
Event: 66.473 Executing non-safepoint VM operation: HandshakeAllThreads (Deoptimize) done
Event: 66.475 Executing non-safepoint VM operation: HandshakeAllThreads (Deoptimize)
Event: 66.475 Executing non-safepoint VM operation: HandshakeAllThreads (Deoptimize) done
Event: 67.480 Executing safepoint VM operation: Cleanup
Event: 67.712 Executing safepoint VM operation: Cleanup done
Event: 68.726 Executing safepoint VM operation: Cleanup
Event: 69.021 Executing safepoint VM operation: Cleanup done
Event: 70.034 Executing safepoint VM operation: Cleanup
Event: 70.082 Executing safepoint VM operation: Cleanup done
Event: 71.093 Executing safepoint VM operation: Cleanup
Event: 71.482 Executing safepoint VM operation: Cleanup done
Event: 72.494 Executing safepoint VM operation: Cleanup
Event: 72.494 Executing safepoint VM operation: Cleanup done
Event: 74.428 Executing non-safepoint VM operation: HandshakeAllThreads (Deoptimize)
Event: 74.430 Executing non-safepoint VM operation: HandshakeAllThreads (Deoptimize) done
Event: 74.430 Executing safepoint VM operation: Cleanup
Event: 74.432 Executing safepoint VM operation: Cleanup done
Event: 75.432 Executing safepoint VM operation: Cleanup
Event: 75.432 Executing safepoint VM operation: Cleanup done

Memory protections (0 events):
No events

Nmethod flushes (0 events):
No events

Events (20 events):
Event: 74.357 Thread 0x000002633f8cd3b0 Thread exited: 0x000002633f8cd3b0
Event: 74.362 Thread 0x000002633f8d49d0 Thread exited: 0x000002633f8d49d0
Event: 74.374 Thread 0x000002633f8d4340 Thread exited: 0x000002633f8d4340
Event: 74.375 Thread 0x000002633facd400 Thread exited: 0x000002633facd400
Event: 74.389 Thread 0x000002633f8ce0d0 Thread exited: 0x000002633f8ce0d0
Event: 74.435 Thread 0x000002633facee40 Thread exited: 0x000002633facee40
Event: 74.437 Thread 0x00000263258347d0 Thread added: 0x000002633f8ce0d0
Event: 74.450 Thread 0x000002633face7b0 Thread added: 0x000002633f8d2f90
Event: 74.451 Thread 0x000002633faccd70 Thread exited: 0x000002633faccd70
Event: 74.453 Thread 0x00000263258347d0 Thread added: 0x000002633f8d3620
Event: 74.604 Thread 0x000002633facc6e0 Thread added: 0x000002633f8cedf0
Event: 74.612 Thread 0x000002633face7b0 Thread added: 0x000002633f8d4340
Event: 74.626 Thread 0x000002633facc6e0 Thread added: 0x000002633f8cd3b0
Event: 74.633 Thread 0x000002633facda90 Thread added: 0x000002633f8cf480
Event: 74.633 Thread 0x000002633f8cf480 Thread exited: 0x000002633f8cf480
Event: 74.636 Thread 0x000002633f8d3cb0 Thread exited: 0x000002633f8d3cb0
Event: 74.638 Thread 0x000002633f8d4340 Thread exited: 0x000002633f8d4340
Event: 74.639 Thread 0x000002633f8d2f90 Thread exited: 0x000002633f8d2f90
Event: 74.655 Thread 0x000002633f8cd3b0 Thread exited: 0x000002633f8cd3b0
Event: 74.656 Thread 0x000002633f8cedf0 Thread exited: 0x000002633f8cedf0


Dynamic libraries:
0x00007ff79d3e0000 - 0x00007ff79d3ee000 	C:\Users\ericj\.vscode\extensions\redhat.java-1.56.0-win32-x64\jre\21.0.12.1-win32-x86_64\bin\java.exe
0x00007ffd376d0000 - 0x00007ffd378e8000 	C:\WINDOWS\SYSTEM32\ntdll.dll
0x00007ffd35740000 - 0x00007ffd35804000 	C:\WINDOWS\System32\KERNEL32.DLL
0x00007ffd34f90000 - 0x00007ffd35363000 	C:\WINDOWS\System32\KERNELBASE.dll
0x00007ffd34af0000 - 0x00007ffd34c01000 	C:\WINDOWS\System32\ucrtbase.dll
0x00007ffd2c090000 - 0x00007ffd2c0a8000 	C:\Users\ericj\.vscode\extensions\redhat.java-1.56.0-win32-x64\jre\21.0.12.1-win32-x86_64\bin\jli.dll
0x00007ffd35530000 - 0x00007ffd356e2000 	C:\WINDOWS\System32\USER32.dll
0x00007ffd34df0000 - 0x00007ffd34e16000 	C:\WINDOWS\System32\win32u.dll
0x00007ffd35710000 - 0x00007ffd35739000 	C:\WINDOWS\System32\GDI32.dll
0x00007ffd349d0000 - 0x00007ffd34aeb000 	C:\WINDOWS\System32\gdi32full.dll
0x00007ffd34d50000 - 0x00007ffd34dea000 	C:\WINDOWS\System32\msvcp_win.dll
0x00007ffd16b30000 - 0x00007ffd16dcc000 	C:\WINDOWS\WinSxS\amd64_microsoft.windows.common-controls_6595b64144ccf1df_6.0.22621.6060_none_2712eda17382d24b\COMCTL32.dll
0x00007ffd36300000 - 0x00007ffd363a7000 	C:\WINDOWS\System32\msvcrt.dll
0x00007ffd2c0c0000 - 0x00007ffd2c0de000 	C:\Users\ericj\.vscode\extensions\redhat.java-1.56.0-win32-x64\jre\21.0.12.1-win32-x86_64\bin\VCRUNTIME140.dll
0x00007ffd37190000 - 0x00007ffd371c1000 	C:\WINDOWS\System32\IMM32.DLL
0x00007ffd2c790000 - 0x00007ffd2c79c000 	C:\Users\ericj\.vscode\extensions\redhat.java-1.56.0-win32-x64\jre\21.0.12.1-win32-x86_64\bin\vcruntime140_1.dll
0x00007ffd28670000 - 0x00007ffd286fd000 	C:\Users\ericj\.vscode\extensions\redhat.java-1.56.0-win32-x64\jre\21.0.12.1-win32-x86_64\bin\msvcp140.dll
0x00007ffcc5d00000 - 0x00007ffcc6aa2000 	C:\Users\ericj\.vscode\extensions\redhat.java-1.56.0-win32-x64\jre\21.0.12.1-win32-x86_64\bin\server\jvm.dll
0x00007ffd36220000 - 0x00007ffd362d1000 	C:\WINDOWS\System32\ADVAPI32.dll
0x00007ffd35370000 - 0x00007ffd35418000 	C:\WINDOWS\System32\sechost.dll
0x00007ffd348e0000 - 0x00007ffd34908000 	C:\WINDOWS\System32\bcrypt.dll
0x00007ffd36100000 - 0x00007ffd36218000 	C:\WINDOWS\System32\RPCRT4.dll
0x00007ffd35880000 - 0x00007ffd358f1000 	C:\WINDOWS\System32\WS2_32.dll
0x00007ffd346c0000 - 0x00007ffd3470d000 	C:\WINDOWS\SYSTEM32\POWRPROF.dll
0x00007ffd0e090000 - 0x00007ffd0e0c4000 	C:\WINDOWS\SYSTEM32\WINMM.dll
0x00007ffd2fcd0000 - 0x00007ffd2fcda000 	C:\WINDOWS\SYSTEM32\VERSION.dll
0x00007ffd34690000 - 0x00007ffd346a3000 	C:\WINDOWS\SYSTEM32\UMPDC.dll
0x00007ffd337c0000 - 0x00007ffd337d8000 	C:\WINDOWS\SYSTEM32\kernel.appcore.dll
0x00007ffd2c060000 - 0x00007ffd2c06a000 	C:\Users\ericj\.vscode\extensions\redhat.java-1.56.0-win32-x64\jre\21.0.12.1-win32-x86_64\bin\jimage.dll
0x00007ffd32210000 - 0x00007ffd32443000 	C:\WINDOWS\SYSTEM32\DBGHELP.DLL
0x00007ffd371d0000 - 0x00007ffd37561000 	C:\WINDOWS\System32\combase.dll
0x00007ffd36020000 - 0x00007ffd360f8000 	C:\WINDOWS\System32\OLEAUT32.dll
0x00007ffd2c370000 - 0x00007ffd2c3a2000 	C:\WINDOWS\SYSTEM32\dbgcore.DLL
0x00007ffd347e0000 - 0x00007ffd3485b000 	C:\WINDOWS\System32\bcryptPrimitives.dll
0x00007ffd2bd80000 - 0x00007ffd2bd8f000 	C:\Users\ericj\.vscode\extensions\redhat.java-1.56.0-win32-x64\jre\21.0.12.1-win32-x86_64\bin\instrument.dll
0x00007ffd2bd90000 - 0x00007ffd2bdb0000 	C:\Users\ericj\.vscode\extensions\redhat.java-1.56.0-win32-x64\jre\21.0.12.1-win32-x86_64\bin\java.dll
0x00007ffd368f0000 - 0x00007ffd3718c000 	C:\WINDOWS\System32\SHELL32.dll
0x00007ffd34c10000 - 0x00007ffd34d4f000 	C:\WINDOWS\System32\wintypes.dll
0x00007ffd326e0000 - 0x00007ffd32ffa000 	C:\WINDOWS\SYSTEM32\windows.storage.dll
0x00007ffd35900000 - 0x00007ffd35a04000 	C:\WINDOWS\System32\SHCORE.dll
0x00007ffd35810000 - 0x00007ffd35879000 	C:\WINDOWS\System32\shlwapi.dll
0x00007ffd34710000 - 0x00007ffd34735000 	C:\WINDOWS\SYSTEM32\profapi.dll
0x00007ffd2bc90000 - 0x00007ffd2bca8000 	C:\Users\ericj\.vscode\extensions\redhat.java-1.56.0-win32-x64\jre\21.0.12.1-win32-x86_64\bin\zip.dll
0x00007ffd2be80000 - 0x00007ffd2be90000 	C:\Users\ericj\.vscode\extensions\redhat.java-1.56.0-win32-x64\jre\21.0.12.1-win32-x86_64\bin\net.dll
0x00007ffd2edc0000 - 0x00007ffd2eeec000 	C:\WINDOWS\SYSTEM32\WINHTTP.dll
0x00007ffd33ca0000 - 0x00007ffd33d09000 	C:\WINDOWS\system32\mswsock.dll
0x00007ffd2bc70000 - 0x00007ffd2bc86000 	C:\Users\ericj\.vscode\extensions\redhat.java-1.56.0-win32-x64\jre\21.0.12.1-win32-x86_64\bin\nio.dll
0x00007ffd2ba90000 - 0x00007ffd2baa0000 	C:\Users\ericj\.vscode\extensions\redhat.java-1.56.0-win32-x64\jre\21.0.12.1-win32-x86_64\bin\verify.dll
0x00007ffd1bef0000 - 0x00007ffd1bf17000 	C:\Users\ericj\.gradle\native\660c5614fbf4a5f2a75b1949f50a0caf5cd603558e7d8a26e50b933a0cfb79d1\windows-amd64\native-platform.dll
0x00007ffd1ede0000 - 0x00007ffd1ee57000 	C:\Users\ericj\.gradle\native\0.2.8\x86_64-windows-gnu\gradle-fileevents.dll
0x00007ffd29af0000 - 0x00007ffd29afa000 	C:\Users\ericj\.vscode\extensions\redhat.java-1.56.0-win32-x64\jre\21.0.12.1-win32-x86_64\bin\management.dll
0x00007ffd28600000 - 0x00007ffd2860c000 	C:\Users\ericj\.vscode\extensions\redhat.java-1.56.0-win32-x64\jre\21.0.12.1-win32-x86_64\bin\management_ext.dll
0x00007ffd368e0000 - 0x00007ffd368e8000 	C:\WINDOWS\System32\PSAPI.DLL
0x00007ffd33260000 - 0x00007ffd3328d000 	C:\WINDOWS\SYSTEM32\IPHLPAPI.DLL
0x00007ffd35c20000 - 0x00007ffd35c29000 	C:\WINDOWS\System32\NSI.dll
0x00007ffd23750000 - 0x00007ffd23759000 	C:\Users\ericj\.vscode\extensions\redhat.java-1.56.0-win32-x64\jre\21.0.12.1-win32-x86_64\bin\extnet.dll
0x00007ffd33ef0000 - 0x00007ffd33f0b000 	C:\WINDOWS\SYSTEM32\CRYPTSP.dll
0x00007ffd33720000 - 0x00007ffd33757000 	C:\WINDOWS\system32\rsaenh.dll
0x00007ffd33d90000 - 0x00007ffd33db8000 	C:\WINDOWS\SYSTEM32\USERENV.dll
0x00007ffd33f10000 - 0x00007ffd33f1c000 	C:\WINDOWS\SYSTEM32\CRYPTBASE.dll
0x00007ffd228b0000 - 0x00007ffd228be000 	C:\Users\ericj\.vscode\extensions\redhat.java-1.56.0-win32-x64\jre\21.0.12.1-win32-x86_64\bin\sunmscapi.dll
0x00007ffd34e20000 - 0x00007ffd34f88000 	C:\WINDOWS\System32\CRYPT32.dll
0x00007ffd340b0000 - 0x00007ffd340de000 	C:\WINDOWS\SYSTEM32\ncrypt.dll
0x00007ffd34070000 - 0x00007ffd340a7000 	C:\WINDOWS\SYSTEM32\NTASN1.dll
0x00007ffd1d2d0000 - 0x00007ffd1d2d8000 	C:\WINDOWS\system32\wshunix.dll

JVMTI agents:
C:\Users\ericj\.gradle\wrapper\dists\gradle-9.5.1-bin\iq79hdu3mqx29lgffhp8bfmx\gradle-9.5.1\lib\agents\gradle-instrumentation-agent-9.5.1.jar path:C:\Users\ericj\.vscode\extensions\redhat.java-1.56.0-win32-x64\jre\21.0.12.1-win32-x86_64\bin\instrument.dll, loaded, initialized, instrumentlib options:none

dbghelp: loaded successfully - version: 4.0.5 - missing functions: none
symbol engine: initialized successfully - sym options: 0x614 - pdb path: .;C:\Users\ericj\.vscode\extensions\redhat.java-1.56.0-win32-x64\jre\21.0.12.1-win32-x86_64\bin;C:\WINDOWS\SYSTEM32;C:\WINDOWS\WinSxS\amd64_microsoft.windows.common-controls_6595b64144ccf1df_6.0.22621.6060_none_2712eda17382d24b;C:\Users\ericj\.vscode\extensions\redhat.java-1.56.0-win32-x64\jre\21.0.12.1-win32-x86_64\bin\server;C:\Users\ericj\.gradle\native\660c5614fbf4a5f2a75b1949f50a0caf5cd603558e7d8a26e50b933a0cfb79d1\windows-amd64;C:\Users\ericj\.gradle\native\0.2.8\x86_64-windows-gnu

VM Arguments:
jvm_args: --add-opens=java.base/java.lang=ALL-UNNAMED --add-opens=java.base/java.lang.invoke=ALL-UNNAMED --add-opens=java.base/java.util=ALL-UNNAMED --add-opens=java.prefs/java.util.prefs=ALL-UNNAMED --add-exports=jdk.compiler/com.sun.tools.javac.api=ALL-UNNAMED --add-exports=jdk.compiler/com.sun.tools.javac.util=ALL-UNNAMED --add-opens=java.base/java.nio.charset=ALL-UNNAMED --add-opens=java.base/java.net=ALL-UNNAMED --add-opens=java.base/java.util.concurrent=ALL-UNNAMED --add-opens=java.base/java.util.concurrent.atomic=ALL-UNNAMED --add-opens=java.xml/javax.xml.namespace=ALL-UNNAMED --add-opens=java.base/java.time=ALL-UNNAMED -XX:MaxMetaspaceSize=384m -XX:+HeapDumpOnOutOfMemoryError -Xms256m -Xmx512m -Dfile.encoding=UTF-8 -Duser.country=KR -Duser.language=ko -Duser.variant -javaagent:C:\Users\ericj\.gradle\wrapper\dists\gradle-9.5.1-bin\iq79hdu3mqx29lgffhp8bfmx\gradle-9.5.1\lib\agents\gradle-instrumentation-agent-9.5.1.jar 
java_command: org.gradle.launcher.daemon.bootstrap.GradleDaemon 9.5.1
java_class_path (initial): C:\Users\ericj\.gradle\wrapper\dists\gradle-9.5.1-bin\iq79hdu3mqx29lgffhp8bfmx\gradle-9.5.1\lib\gradle-daemon-main-9.5.1.jar
Launcher Type: SUN_STANDARD

[Global flags]
     intx CICompilerCount                          = 4                                         {product} {ergonomic}
   size_t CompressedClassSpaceSize                 = 335544320                                 {product} {ergonomic}
     uint ConcGCThreads                            = 2                                         {product} {ergonomic}
     uint G1ConcRefinementThreads                  = 8                                         {product} {ergonomic}
   size_t G1HeapRegionSize                         = 1048576                                   {product} {ergonomic}
    uintx GCDrainStackTargetSize                   = 64                                        {product} {ergonomic}
     bool HeapDumpOnOutOfMemoryError               = true                                   {manageable} {command line}
   size_t InitialHeapSize                          = 268435456                                 {product} {command line}
   size_t MarkStackSize                            = 4194304                                   {product} {ergonomic}
   size_t MaxHeapSize                              = 536870912                                 {product} {command line}
   size_t MaxMetaspaceSize                         = 402653184                                 {product} {command line}
   size_t MaxNewSize                               = 321912832                                 {product} {ergonomic}
   size_t MinHeapDeltaBytes                        = 1048576                                   {product} {ergonomic}
   size_t MinHeapSize                              = 268435456                                 {product} {command line}
    uintx NonNMethodCodeHeapSize                   = 5839372                                {pd product} {ergonomic}
    uintx NonProfiledCodeHeapSize                  = 122909434                              {pd product} {ergonomic}
     bool PerfDisableSharedMem                     = true                                      {product} {ergonomic}
    uintx ProfiledCodeHeapSize                     = 122909434                              {pd product} {ergonomic}
    uintx ReservedCodeCacheSize                    = 251658240                              {pd product} {ergonomic}
     bool SegmentedCodeCache                       = true                                      {product} {ergonomic}
   size_t SoftMaxHeapSize                          = 536870912                              {manageable} {ergonomic}
     bool UseCompressedOops                        = true                           {product lp64_product} {ergonomic}
     bool UseG1GC                                  = true                                      {product} {ergonomic}
     bool UseLargePagesIndividualAllocation        = false                                  {pd product} {ergonomic}

Logging:
Log output configuration:
 #0: stdout all=warning uptime,level,tags foldmultilines=false
 #1: stderr all=off uptime,level,tags foldmultilines=false

Release file:
JAVA_VERSION="21.0.12.1" 
MODULES="java.base java.compiler java.datatransfer java.xml java.prefs java.desktop java.instrument java.logging java.management java.security.sasl java.naming java.rmi java.management.rmi java.net.http java.scripting java.security.jgss java.transaction.xa java.sql java.sql.rowset java.xml.crypto java.se java.smartcardio jdk.accessibility jdk.internal.jvmstat jdk.attach jdk.charsets jdk.internal.opt jdk.zipfs jdk.compiler jdk.crypto.ec jdk.crypto.cryptoki jdk.crypto.mscapi jdk.dynalink jdk.internal.ed jdk.editpad jdk.hotspot.agent jdk.httpserver jdk.internal.le jdk.internal.vm.ci jdk.internal.vm.compiler jdk.internal.vm.compiler.management jdk.jartool jdk.javadoc jdk.jcmd jdk.management jdk.management.agent jdk.jconsole jdk.jdeps jdk.jdwp.agent jdk.jdi jdk.jfr jdk.jshell jdk.jsobject jdk.jstatd jdk.localedata jdk.management.jfr jdk.naming.dns jdk.naming.rmi jdk.net jdk.nio.mapmode jdk.random jdk.sctp jdk.security.auth jdk.security.jgss jdk.unsupported jdk.unsupported.desktop jdk.xml.dom" 

Environment Variables:
PATH=C:\Program Files\Common Files\Oracle\Java\javapath;C:\Program Files (x86)\Common Files\Oracle\Java\java8path;C:\Program Files (x86)\Common Files\Oracle\Java\javapath;C:\WINDOWS\system32;C:\WINDOWS;C:\WINDOWS\System32\Wbem;C:\WINDOWS\System32\WindowsPowerShell\v1.0\;C:\WINDOWS\System32\OpenSSH\;C:\Program Files\Git\cmd;C:\Users\ericj\AppData\Local\Microsoft\WindowsApps;C:\Users\ericj\AppData\Local\Programs\Microsoft VS Code\bin
USERNAME=ericj
OS=Windows_NT
PROCESSOR_IDENTIFIER=Intel64 Family 6 Model 142 Stepping 10, GenuineIntel
TMP=C:\Users\ericj\AppData\Local\Temp
TEMP=C:\Users\ericj\AppData\Local\Temp




Periodic native trim disabled

---------------  S Y S T E M  ---------------

OS:
 Windows 11 , 64 bit Build 22621 (10.0.22621.5415)
OS uptime: 29 days 20:11 hours

CPU: total 8 (initial active 8) (4 cores per cpu, 2 threads per core) family 6 model 142 stepping 10 microcode 0xe0, cx8, cmov, fxsr, ht, mmx, 3dnowpref, sse, sse2, sse3, ssse3, sse4.1, sse4.2, popcnt, lzcnt, tsc, tscinvbit, avx, avx2, aes, erms, clmul, bmi1, bmi2, adx, fma, vzeroupper, clflush, clflushopt, rdtscp, f16c
Processor Information for the first 8 processors :
  Max Mhz: 1800, Current Mhz: 1600, Mhz Limit: 1584

Memory: 4k page, system-wide physical 8059M (383M free)
TotalPageFile size 32635M (AvailPageFile size 473M)
current process WorkingSet (physical memory assigned to process): 85M, peak: 127M
current process commit charge ("private bytes"): 399M, peak: 399M

vm_info: OpenJDK 64-Bit Server VM (21.0.12.1+1-LTS) for windows-amd64 JRE (21.0.12.1+1-LTS), built on 2026-08-18T00:00:00Z by "admin" with MS VC++ 17.12 (VS2022)

END.
